#,NACE definition,type,dimensional class,Share of firms,Share of firms per sbs sector,sbs reference row,L min,L max,Firms in absolute numbers,Recipe,K min,K max,Cost of capital,Wage
1,Agriculture,C,From 0 to 9 persons employed,0.05191473087101715,0.8106294167158087,,0,2,2192936.065001955,144.60563316630075,144.60563316630075,289.2112663326015,0.15,5093.641678578184
1,Agriculture,I,From 0 to 9 persons employed,0.0026769428461704335,0.8106294167158087,,0,2,113077.04793656974,144.60563316630075,144.60563316630075,289.2112663326015,0.15,5093.641678578184
1,Agriculture,Int,From 0 to 9 persons employed,0.13731363841918476,0.8106294167158087,,0,2,5800281.0542195635,144.60563316630075,144.60563316630075,289.2112663326015,0.15,5093.641678578184
2,Silviculture,C,From 0 to 9 persons employed,0.005667395368541156,0.14722522706550775,,0,2,239397.093845619,95.72667808256509,95.72667808256509,191.45335616513017,0.15,3371.9114985820706
2,Silviculture,I,From 0 to 9 persons employed,0.00030747991543680675,0.14722522706550775,,0,2,12988.294160676514,95.72667808256509,95.72667808256509,191.45335616513017,0.15,3371.9114985820706
2,Silviculture,Int,From 0 to 9 persons employed,0.028878662685098262,0.14722522706550775,,0,2,1219866.8826487819,95.72667808256509,95.72667808256509,191.45335616513017,0.15,3371.9114985820706
3,Fishing,C,From 0 to 9 persons employed,0.004916763836851263,0.04214535621868368,,0,2,207689.5817435116,74.0575820383134,74.0575820383134,148.1151640766268,0.15,2608.6313390797086
3,Fishing,I,From 0 to 9 persons employed,2.575165393915177e-05,0.04214535621868368,,0,2,1087.7785497322589,74.0575820383134,74.0575820383134,148.1151640766268,0.15,2608.6313390797086
3,Fishing,Int,From 0 to 9 persons employed,0.005034815177781367,0.04214535621868368,,0,2,212676.20189359298,74.0575820383134,74.0575820383134,148.1151640766268,0.15,2608.6313390797086
4,Mining and quarrying,C,From 0 to 9 persons employed,1.703901128911235e-05,1.0,0.0,0,9,719.7468183106816,696.3056246196394,696.3056246196394,6266.750621576754,0.15,30095.211734803193
4,Mining and quarrying,C,From 10 to 19 persons employed,1.598672626216724e-06,1.0,0.0,10,19,67.52971265270003,696.3056246196394,6963.056246196395,13229.80686777315,0.15,30095.211734803193
4,Mining and quarrying,C,From 20 to 49 persons employed,1.1054687589296125e-06,1.0,0.0,20,49,46.69623186938428,696.3056246196394,13926.11249239279,34118.97560636233,0.15,30095.211734803193
4,Mining and quarrying,C,From 50 to 249 persons employed,5.511504377065677e-07,1.0,0.0,50,249,23.281208470313025,696.3056246196394,34815.28123098197,173380.10053029022,0.15,30095.211734803193
4,Mining and quarrying,C,250 persons employed or more,1.8067654565236647e-07,1.0,0.0,250,1850,7.631978562027816,696.3056246196394,174076.40615490984,1288165.4055463327,0.15,30095.211734803193
4,Mining and quarrying,I,From 0 to 9 persons employed,1.6939652224003567e-06,1.0,0.0,0,9,71.55497807144883,696.3056246196394,696.3056246196394,6266.750621576754,0.15,30095.211734803193
4,Mining and quarrying,I,From 10 to 19 persons employed,1.5893503354534453e-07,1.0,0.0,10,19,6.713592870582723,696.3056246196394,6963.056246196395,13229.80686777315,0.15,30095.211734803193
4,Mining and quarrying,I,From 20 to 49 persons employed,1.0990224727848058e-07,1.0,0.0,20,49,4.642393356146488,696.3056246196394,13926.11249239279,34118.97560636233,0.15,30095.211734803193
4,Mining and quarrying,I,From 50 to 249 persons employed,5.479365310252679e-08,1.0,0.0,50,249,2.314544947180288,696.3056246196394,34815.28123098197,173380.10053029022,0.15,30095.211734803193
4,Mining and quarrying,I,250 persons employed or more,1.7962297204069958e-08,1.0,0.0,250,1850,0.7587474438990004,696.3056246196394,174076.40615490984,1288165.4055463327,0.15,30095.211734803193
4,Mining and quarrying,Int,From 0 to 9 persons employed,0.0004504485417599988,1.0,0.0,0,9,19027.44820361787,696.3056246196394,696.3056246196394,6266.750621576754,0.15,30095.211734803193
4,Mining and quarrying,Int,From 10 to 19 persons employed,4.226300112208364e-05,1.0,0.0,10,19,1785.236248380063,696.3056246196394,6963.056246196395,13229.80686777315,0.15,30095.211734803193
4,Mining and quarrying,Int,From 20 to 49 persons employed,2.92245120313563e-05,1.0,0.0,20,49,1234.475944310893,696.3056246196394,13926.11249239279,34118.97560636233,0.15,30095.211734803193
4,Mining and quarrying,Int,From 50 to 249 persons employed,1.4570382444311525e-05,1.0,0.0,50,249,615.4691858537618,696.3056246196394,34815.28123098197,173380.10053029022,0.15,30095.211734803193
4,Mining and quarrying,Int,250 persons employed or more,4.7764207170486665e-06,1.0,0.0,250,1850,201.76133202081448,696.3056246196394,174076.40615490984,1288165.4055463327,0.15,30095.211734803193
5,"Food, beverages and tobacco products",C,From 0 to 9 persons employed,0.0038626240014781317,0.1149449637505493,1.0,0,9,163161.54078557392,120.33321466173317,120.33321466173317,1082.9989319555984,0.15,44991.538276972555
5,"Food, beverages and tobacco products",C,From 10 to 19 persons employed,0.00025513243543044293,0.1149449637505493,1.0,10,19,10777.07829011498,120.33321466173317,1203.3321466173315,2286.33107857293,0.15,44991.538276972555
5,"Food, beverages and tobacco products",C,From 20 to 49 persons employed,0.00016429629703145827,0.1149449637505493,1.0,20,49,6940.058612683691,120.33321466173317,2406.664293234663,5896.327518424925,0.15,44991.538276972555
5,"Food, beverages and tobacco products",C,From 50 to 249 persons employed,0.00010259528453733216,0.1149449637505493,1.0,50,249,4333.739110003885,120.33321466173317,6016.660733086658,29962.970450771558,0.15,44991.538276972555
5,"Food, beverages and tobacco products",C,250 persons employed or more,2.2507592009973595e-05,0.1149449637505493,1.0,250,1850,950.7457599587838,120.33321466173317,30083.303665433294,222616.44712420634,0.15,44991.538276972555
5,"Food, beverages and tobacco products",I,From 0 to 9 persons employed,3.0558013315177437e-09,0.1149449637505493,1.0,0,9,0.1290804524059928,120.33321466173317,120.33321466173317,1082.9989319555984,0.15,44991.538276972555
5,"Food, beverages and tobacco products",I,From 10 to 19 persons employed,2.0184051970975314e-10,0.1149449637505493,1.0,10,19,0.00852596840287893,120.33321466173317,1203.3321466173315,2286.33107857293,0.15,44991.538276972555
5,"Food, beverages and tobacco products",I,From 20 to 49 persons employed,1.2997818142279448e-10,0.1149449637505493,1.0,20,49,0.005490423178992944,120.33321466173317,2406.664293234663,5896.327518424925,0.15,44991.538276972555
5,"Food, beverages and tobacco products",I,From 50 to 249 persons employed,8.116524077327964e-11,0.1149449637505493,1.0,50,249,0.003428510188341554,120.33321466173317,6016.660733086658,29962.970450771558,0.15,44991.538276972555
5,"Food, beverages and tobacco products",I,250 persons employed or more,1.7806219193743816e-11,0.1149449637505493,1.0,250,1850,0.0007521545348719206,120.33321466173317,30083.303665433294,222616.44712420634,0.15,44991.538276972555
5,"Food, beverages and tobacco products",Int,From 0 to 9 persons employed,0.0028246994663787125,0.1149449637505493,1.0,0,9,119318.45217504236,120.33321466173317,120.33321466173317,1082.9989319555984,0.15,44991.538276972555
5,"Food, beverages and tobacco products",Int,From 10 to 19 persons employed,0.0001865758753480768,0.1149449637505493,1.0,10,19,7881.172820227901,120.33321466173317,1203.3321466173315,2286.33107857293,0.15,44991.538276972555
5,"Food, beverages and tobacco products",Int,From 20 to 49 persons employed,0.00012014828841097752,0.1149449637505493,1.0,20,49,5075.19754767298,120.33321466173317,2406.664293234663,5896.327518424925,0.15,44991.538276972555
5,"Food, beverages and tobacco products",Int,From 50 to 249 persons employed,7.502693644907571e-05,0.1149449637505493,1.0,50,249,3169.2213756161623,120.33321466173317,6016.660733086658,29962.970450771558,0.15,44991.538276972555
5,"Food, beverages and tobacco products",Int,250 persons employed or more,1.6459583722286395e-05,0.1149449637505493,1.0,250,1850,695.2711524056439,120.33321466173317,30083.303665433294,222616.44712420634,0.15,44991.538276972555
6,"Textiles, wearing apparel, leather and related products",C,From 0 to 9 persons employed,0.0010180191145677342,0.03094387162144041,1.0,0,9,43002.261472634724,87.28595704971896,87.28595704971896,785.5736134474707,0.15,44872.89674993827
6,"Textiles, wearing apparel, leather and related products",C,From 10 to 19 persons employed,6.7241775517114e-05,0.03094387162144041,1.0,10,19,2840.3675051808214,87.28595704971896,872.8595704971896,1658.4331839446602,0.15,44872.89674993827
6,"Textiles, wearing apparel, leather and related products",C,From 20 to 49 persons employed,4.3301333696139606e-05,0.03094387162144041,1.0,20,49,1829.0965730106745,87.28595704971896,1745.7191409943791,4277.01189543623,0.15,44872.89674993827
6,"Textiles, wearing apparel, leather and related products",C,From 50 to 249 persons employed,2.7039639551649737e-05,0.03094387162144041,1.0,50,249,1142.1844968201453,87.28595704971896,4364.297852485948,21734.203305380022,0.15,44872.89674993827
6,"Textiles, wearing apparel, leather and related products",C,250 persons employed or more,5.932018979915422e-06,0.03094387162144041,1.0,250,1850,250.57508998077105,87.28595704971896,21821.489262429743,161479.02054198008,0.15,44872.89674993827
6,"Textiles, wearing apparel, leather and related products",I,From 0 to 9 persons employed,1.0160428650451452e-05,0.03094387162144041,1.0,0,9,429.18782491258594,87.28595704971896,87.28595704971896,785.5736134474707,0.15,44872.89674993827
6,"Textiles, wearing apparel, leather and related products",I,From 10 to 19 persons employed,6.711124110487936e-07,0.03094387162144041,1.0,10,19,28.34853586192695,87.28595704971896,872.8595704971896,1658.4331839446602,0.15,44872.89674993827
6,"Textiles, wearing apparel, leather and related products",I,From 20 to 49 persons employed,4.321727413495857e-07,0.03094387162144041,1.0,20,49,18.255458035040363,87.28595704971896,1745.7191409943791,4277.01189543623,0.15,44872.89674993827
6,"Textiles, wearing apparel, leather and related products",I,From 50 to 249 persons employed,2.6987148322369023e-07,0.03094387162144041,1.0,50,249,11.399672088200987,87.28595704971896,4364.297852485948,21734.203305380022,0.15,44872.89674993827
6,"Textiles, wearing apparel, leather and related products",I,250 persons employed or more,5.920503332017175e-08,0.03094387162144041,1.0,250,1850,2.5008865618511735,87.28595704971896,21821.489262429743,161479.02054198008,0.15,44872.89674993827
6,"Textiles, wearing apparel, leather and related products",Int,From 0 to 9 persons employed,0.0007720887476815369,0.03094387162144041,1.0,0,9,32613.888808933036,87.28595704971896,87.28595704971896,785.5736134474707,0.15,44872.89674993827
6,"Textiles, wearing apparel, leather and related products",Int,From 10 to 19 persons employed,5.099768512002462e-05,0.03094387162144041,1.0,10,19,2154.199030891064,87.28595704971896,872.8595704971896,1658.4331839446602,0.15,44872.89674993827
6,"Textiles, wearing apparel, leather and related products",Int,From 20 to 49 persons employed,3.28407119551863e-05,0.03094387162144041,1.0,20,49,1387.2282575401873,87.28595704971896,1745.7191409943791,4277.01189543623,0.15,44872.89674993827
6,"Textiles, wearing apparel, leather and related products",Int,From 50 to 249 persons employed,2.050747489948465e-05,0.03094387162144041,1.0,50,249,866.2585850812696,87.28595704971896,4364.297852485948,21734.203305380022,0.15,44872.89674993827
6,"Textiles, wearing apparel, leather and related products",Int,250 persons employed or more,4.498977514160685e-06,0.03094387162144041,1.0,250,1850,190.0418220590981,87.28595704971896,21821.489262429743,161479.02054198008,0.15,44872.89674993827
7,"Wood and of products of wood and cork, except furniture; articles of straw and plaiting materials",C,From 0 to 9 persons employed,8.594010721067333e-05,0.022094849345970554,1.0,0,9,3630.205865858274,95.23860958204129,95.23860958204129,857.1474862383716,0.15,48961.28127401199
7,"Wood and of products of wood and cork, except furniture; articles of straw and plaiting materials",C,From 10 to 19 persons employed,5.676480249028091e-06,0.022094849345970554,1.0,10,19,239.78084931794396,95.23860958204129,952.3860958204128,1809.5335820587845,0.15,48961.28127401199
7,"Wood and of products of wood and cork, except furniture; articles of straw and plaiting materials",C,From 20 to 49 persons employed,3.6554532296689795e-06,0.022094849345970554,1.0,20,49,154.41041659611554,95.23860958204129,1904.7721916408257,4666.691869520023,0.15,48961.28127401199
7,"Wood and of products of wood and cork, except furniture; articles of straw and plaiting materials",C,From 50 to 249 persons employed,2.28265804517183e-06,0.022094849345970554,1.0,50,249,96.42201870912042,95.23860958204129,4761.930479102064,23714.413785928282,0.15,48961.28127401199
7,"Wood and of products of wood and cork, except furniture; articles of straw and plaiting materials",C,250 persons employed or more,5.007748281093408e-07,0.022094849345970554,1.0,250,1850,21.15328660249707,95.23860958204129,23809.652395510322,176191.4277267764,0.15,48961.28127401199
7,"Wood and of products of wood and cork, except furniture; articles of straw and plaiting materials",I,From 0 to 9 persons employed,7.278805132434521e-05,0.022094849345970554,1.0,0,9,3074.6483738295174,95.23860958204129,95.23860958204129,857.1474862383716,0.15,48961.28127401199
7,"Wood and of products of wood and cork, except furniture; articles of straw and plaiting materials",I,From 10 to 19 persons employed,4.807766118967252e-06,0.022094849345970554,1.0,10,19,203.08539671663328,95.23860958204129,952.3860958204128,1809.5335820587845,0.15,48961.28127401199
7,"Wood and of products of wood and cork, except furniture; articles of straw and plaiting materials",I,From 20 to 49 persons employed,3.096031945161969e-06,0.022094849345970554,1.0,20,49,130.77983834322848,95.23860958204129,1904.7721916408257,4666.691869520023,0.15,48961.28127401199
7,"Wood and of products of wood and cork, except furniture; articles of straw and plaiting materials",I,From 50 to 249 persons employed,1.9333258514630014e-06,0.022094849345970554,1.0,50,249,81.66583769079571,95.23860958204129,4761.930479102064,23714.413785928282,0.15,48961.28127401199
7,"Wood and of products of wood and cork, except furniture; articles of straw and plaiting materials",I,250 persons employed or more,4.241375194123087e-07,0.022094849345970554,1.0,250,1850,17.916041309172545,95.23860958204129,23809.652395510322,176191.4277267764,0.15,48961.28127401199
7,"Wood and of products of wood and cork, except furniture; articles of straw and plaiting materials",Int,From 0 to 9 persons employed,0.0011267172167682058,0.022094849345970554,1.0,0,9,47593.79039926849,95.23860958204129,95.23860958204129,857.1474862383716,0.15,48961.28127401199
7,"Wood and of products of wood and cork, except furniture; articles of straw and plaiting materials",Int,From 10 to 19 persons employed,7.442145739411291e-05,0.022094849345970554,1.0,10,19,3143.6452658308663,95.23860958204129,952.3860958204128,1809.5335820587845,0.15,48961.28127401199
7,"Wood and of products of wood and cork, except furniture; articles of straw and plaiting materials",Int,From 20 to 49 persons employed,4.792479579834018e-05,0.022094849345970554,1.0,20,49,2024.3967627444085,95.23860958204129,1904.7721916408257,4666.691869520023,0.15,48961.28127401199
7,"Wood and of products of wood and cork, except furniture; articles of straw and plaiting materials",Int,From 50 to 249 persons employed,2.9926773458459675e-05,0.022094849345970554,1.0,50,249,1264.1402493109695,95.23860958204129,4761.930479102064,23714.413785928282,0.15,48961.28127401199
7,"Wood and of products of wood and cork, except furniture; articles of straw and plaiting materials",Int,250 persons employed or more,6.565405127687093e-06,0.022094849345970554,1.0,250,1850,277.3300264548151,95.23860958204129,23809.652395510322,176191.4277267764,0.15,48961.28127401199
8,Paper and paper products,C,From 0 to 9 persons employed,0.00021455494146949922,0.02274178639357408,1.0,0,9,9063.039741876444,90.01643760935046,90.01643760935046,810.1479384841542,0.15,46276.611349301216
8,Paper and paper products,C,From 10 to 19 persons employed,1.4171693835538184e-05,0.02274178639357408,1.0,10,19,598.6281348800657,90.01643760935046,900.1643760935046,1710.3123145776588,0.15,46276.611349301216
8,Paper and paper products,C,From 20 to 49 persons employed,9.126071390782651e-06,0.02274178639357408,1.0,20,49,385.4954219901885,90.01643760935046,1800.3287521870093,4410.805442858173,0.15,46276.611349301216
8,Paper and paper products,C,From 50 to 249 persons employed,5.69880093442446e-06,0.02274178639357408,1.0,50,249,240.72369993433014,90.01643760935046,4500.821880467523,22414.092964728265,0.15,46276.611349301216
8,Paper and paper products,C,250 persons employed or more,1.2502161961586916e-06,0.02274178639357408,1.0,250,1850,52.81052486658565,90.01643760935046,22504.109402337617,166530.40957729836,0.15,46276.611349301216
8,Paper and paper products,I,From 0 to 9 persons employed,3.6012223578880307e-09,0.02274178639357408,1.0,0,9,0.15211964415889712,90.01643760935046,90.01643760935046,810.1479384841542,0.15,46276.611349301216
8,Paper and paper products,I,From 10 to 19 persons employed,2.378664426936035e-10,0.02274178639357408,1.0,10,19,0.010047743522594972,90.01643760935046,900.1643760935046,1710.3123145776588,0.15,46276.611349301216
8,Paper and paper products,I,From 20 to 49 persons employed,1.5317760619762204e-10,0.02274178639357408,1.0,20,49,0.006470392725640859,90.01643760935046,1800.3287521870093,4410.805442858173,0.15,46276.611349301216
8,Paper and paper products,I,From 50 to 249 persons employed,9.565218679020744e-11,0.02274178639357408,1.0,50,249,0.004040454926554447,90.01643760935046,4500.821880467523,22414.092964728265,0.15,46276.611349301216
8,Paper and paper products,I,250 persons employed or more,2.0984399086610868e-11,0.02274178639357408,1.0,250,1850,0.0008864043940390255,90.01643760935046,22504.109402337617,166530.40957729836,0.15,46276.611349301216
8,Paper and paper products,Int,From 0 to 9 persons employed,0.0011085246649827356,0.02274178639357408,1.0,0,9,46825.31674534754,90.01643760935046,90.01643760935046,810.1479384841542,0.15,46276.611349301216
8,Paper and paper products,Int,From 10 to 19 persons employed,7.321981052350232e-05,0.02274178639357408,1.0,10,19,3092.8863633816613,90.01643760935046,900.1643760935046,1710.3123145776588,0.15,46276.611349301216
8,Paper and paper products,Int,From 20 to 49 persons employed,4.7150977562145816e-05,0.02274178639357408,1.0,20,49,1991.7098184140434,90.01643760935046,1800.3287521870093,4410.805442858173,0.15,46276.611349301216
8,Paper and paper products,Int,From 50 to 249 persons employed,2.9443560485574865e-05,0.02274178639357408,1.0,50,249,1243.7287950370633,90.01643760935046,4500.821880467523,22414.092964728265,0.15,46276.611349301216
8,Paper and paper products,Int,250 persons employed or more,6.45939674244147e-06,0.02274178639357408,1.0,250,1850,272.8521141686988,90.01643760935046,22504.109402337617,166530.40957729836,0.15,46276.611349301216
9,Printing and recording services,C,From 0 to 9 persons employed,5.738347637248129e-05,0.012872445724610548,1.0,0,9,2423.9419671662886,85.5567939908656,85.5567939908656,770.0111459177905,0.15,43983.9501424154
9,Printing and recording services,C,From 10 to 19 persons employed,3.7902695356249833e-06,0.012872445724610548,1.0,10,19,160.10520754506197,85.5567939908656,855.567939908656,1625.5790858264465,0.15,43983.9501424154
9,Printing and recording services,C,From 20 to 49 persons employed,2.4408000041378686e-06,0.012872445724610548,1.0,20,49,103.10211122598818,85.5567939908656,1711.135879817312,4192.282905552414,0.15,43983.9501424154
9,Printing and recording services,C,From 50 to 249 persons employed,1.5241644239571546e-06,0.012872445724610548,1.0,50,249,64.3824031871185,85.5567939908656,4277.83969954328,21303.641703725534,0.15,43983.9501424154
9,Printing and recording services,C,250 persons employed or more,3.343747343286633e-07,0.012872445724610548,1.0,250,1850,14.124361271496781,85.5567939908656,21389.198497716403,158280.06888310137,0.15,43983.9501424154
9,Printing and recording services,I,From 0 to 9 persons employed,6.348146367356384e-08,0.012872445724610548,1.0,0,9,2.681527743921869,85.5567939908656,85.5567939908656,770.0111459177905,0.15,43983.9501424154
9,Printing and recording services,I,From 10 to 19 persons employed,4.193051258814644e-09,0.012872445724610548,1.0,10,19,0.17711915623143287,85.5567939908656,855.567939908656,1625.5790858264465,0.15,43983.9501424154
9,Printing and recording services,I,From 20 to 49 persons employed,2.7001772390251695e-09,0.012872445724610548,1.0,20,49,0.11405849457386744,85.5567939908656,1711.135879817312,4192.282905552414,0.15,43983.9501424154
9,Printing and recording services,I,From 50 to 249 persons employed,1.6861332674221648e-09,0.012872445724610548,1.0,50,249,0.07122414756837214,85.5567939908656,4277.83969954328,21303.641703725534,0.15,43983.9501424154
9,Printing and recording services,I,250 persons employed or more,3.699078357131738e-10,0.012872445724610548,1.0,250,1850,0.015625319057853446,85.5567939908656,21389.198497716403,158280.06888310137,0.15,43983.9501424154
9,Printing and recording services,Int,From 0 to 9 persons employed,0.0006914527321524554,0.012872445724610548,1.0,0,9,29207.733684463332,85.5567939908656,85.5567939908656,770.0111459177905,0.15,43983.9501424154
9,Printing and recording services,Int,From 10 to 19 persons employed,4.567154853063128e-05,0.012872445724610548,1.0,10,19,1929.2170880389283,85.5567939908656,855.567939908656,1625.5790858264465,0.15,43983.9501424154
9,Printing and recording services,Int,From 20 to 49 persons employed,2.941086769549923e-05,0.012872445724610548,1.0,20,49,1242.3478151645004,85.5567939908656,1711.135879817312,4192.282905552414,0.15,43983.9501424154
9,Printing and recording services,Int,From 50 to 249 persons employed,1.836569900983113e-05,0.012872445724610548,1.0,50,249,775.7875855639638,85.5567939908656,4277.83969954328,21303.641703725534,0.15,43983.9501424154
9,Printing and recording services,Int,250 persons employed or more,4.029109740816984e-06,0.012872445724610548,1.0,250,1850,170.19408388036067,85.5567939908656,21389.198497716403,158280.06888310137,0.15,43983.9501424154
10,Coke and refined petroleum products,C,From 0 to 9 persons employed,0.0002541233293914552,0.013504031591214912,1.0,0,9,10734.452526884012,229.96903102468258,229.96903102468258,2069.7212792221435,0.15,23599.65088994475
10,Coke and refined petroleum products,C,From 10 to 19 persons employed,1.6785248551897315e-05,0.013504031591214912,1.0,10,19,709.0275975990294,229.96903102468258,2299.690310246826,4369.4115894689685,0.15,23599.65088994475
10,Coke and refined petroleum products,C,From 20 to 49 persons employed,1.080910852113598e-05,0.013504031591214912,1.0,20,49,456.58878527967636,229.96903102468258,4599.380620493652,11268.482520209447,0.15,23599.65088994475
10,Coke and refined petroleum products,C,From 50 to 249 persons employed,6.74977820168711e-06,0.013504031591214912,1.0,50,249,285.1181504921802,229.96903102468258,11498.45155123413,57262.28872514596,0.15,23599.65088994475
10,Coke and refined petroleum products,C,250 persons employed or more,1.4807820321031027e-06,0.013504031591214912,1.0,250,1850,62.54988262721882,229.96903102468258,57492.25775617064,425442.7073956628,0.15,23599.65088994475
10,Coke and refined petroleum products,I,From 0 to 9 persons employed,0.0,0.013504031591214912,1.0,0,9,0.0,229.96903102468258,229.96903102468258,2069.7212792221435,0.15,23599.65088994475
10,Coke and refined petroleum products,I,From 10 to 19 persons employed,0.0,0.013504031591214912,1.0,10,19,0.0,229.96903102468258,2299.690310246826,4369.4115894689685,0.15,23599.65088994475
10,Coke and refined petroleum products,I,From 20 to 49 persons employed,0.0,0.013504031591214912,1.0,20,49,0.0,229.96903102468258,4599.380620493652,11268.482520209447,0.15,23599.65088994475
10,Coke and refined petroleum products,I,From 50 to 249 persons employed,0.0,0.013504031591214912,1.0,50,249,0.0,229.96903102468258,11498.45155123413,57262.28872514596,0.15,23599.65088994475
10,Coke and refined petroleum products,I,250 persons employed or more,0.0,0.013504031591214912,1.0,250,1850,0.0,229.96903102468258,57492.25775617064,425442.7073956628,0.15,23599.65088994475
10,Coke and refined petroleum products,Int,From 0 to 9 persons employed,0.0005315210841578756,0.013504031591214912,1.0,0,9,22452.042709316418,229.96903102468258,229.96903102468258,2069.7212792221435,0.15,23599.65088994475
10,Coke and refined petroleum products,Int,From 10 to 19 persons employed,3.5107809776963604e-05,0.013504031591214912,1.0,10,19,1482.9929950790342,229.96903102468258,2299.690310246826,4369.4115894689685,0.15,23599.65088994475
10,Coke and refined petroleum products,Int,From 20 to 49 persons employed,2.260819222576859e-05,0.013504031591214912,1.0,20,49,954.9952251426048,229.96903102468258,4599.380620493652,11268.482520209447,0.15,23599.65088994475
10,Coke and refined petroleum products,Int,From 50 to 249 persons employed,1.4117749189644302e-05,0.013504031591214912,1.0,50,249,596.3494529431725,229.96903102468258,11498.45155123413,57262.28872514596,0.15,23599.65088994475
10,Coke and refined petroleum products,Int,250 persons employed or more,3.097184634680015e-06,0.013504031591214912,1.0,250,1850,130.82852923256686,229.96903102468258,57492.25775617064,425442.7073956628,0.15,23599.65088994475
11,Chemicals and chemical products,C,From 0 to 9 persons employed,0.0003823519604407689,0.06356067823033243,1.0,0,9,16150.97274910201,308.99374494974376,308.99374494974376,2780.9437045476943,0.15,31709.245699295556
11,Chemicals and chemical products,C,From 10 to 19 persons employed,2.525495280449964e-05,0.06356067823033243,1.0,10,19,1066.7973404794889,308.99374494974376,3089.9374494974377,5870.881154045132,0.15,31709.245699295556
11,Chemicals and chemical products,C,From 20 to 49 persons employed,1.6263299570213837e-05,0.06356067823033243,1.0,20,49,686.9798911615537,308.99374494974376,6179.874898994875,15140.693502537446,0.15,31709.245699295556
11,Chemicals and chemical products,C,From 50 to 249 persons employed,1.0155663134650448e-05,0.06356067823033243,1.0,50,249,428.98652421636694,308.99374494974376,15449.687247487189,76939.44249248621,0.15,31709.245699295556
11,Chemicals and chemical products,C,250 persons employed or more,2.227972985856546e-06,0.06356067823033243,1.0,250,1850,94.11206088448674,308.99374494974376,77248.43623743595,571638.4281570261,0.15,31709.245699295556
11,Chemicals and chemical products,I,From 0 to 9 persons employed,2.5403238149227497e-07,0.06356067823033243,1.0,0,9,10.730610786306677,308.99374494974376,308.99374494974376,2780.9437045476943,0.15,31709.245699295556
11,Chemicals and chemical products,I,From 10 to 19 persons employed,1.6779241299054106e-08,0.06356067823033243,1.0,10,19,0.7087738445468525,308.99374494974376,3089.9374494974377,5870.881154045132,0.15,31709.245699295556
11,Chemicals and chemical products,I,From 20 to 49 persons employed,1.0805240062012756e-08,0.06356067823033243,1.0,20,49,0.4564253772568479,308.99374494974376,6179.874898994875,15140.693502537446,0.15,31709.245699295556
11,Chemicals and chemical products,I,From 50 to 249 persons employed,6.747362531512923e-09,0.06356067823033243,1.0,50,249,0.285016109892966,308.99374494974376,15449.687247487189,76939.44249248621,0.15,31709.245699295556
11,Chemicals and chemical products,I,250 persons employed or more,1.4802520767649362e-09,0.06356067823033243,1.0,250,1850,0.06252749672336443,308.99374494974376,77248.43623743595,571638.4281570261,0.15,31709.245699295556
11,Chemicals and chemical products,Int,From 0 to 9 persons employed,0.003315259450972562,0.06356067823033243,1.0,0,9,140040.2524081094,308.99374494974376,308.99374494974376,2780.9437045476943,0.15,31709.245699295556
11,Chemicals and chemical products,Int,From 10 to 19 persons employed,0.00021897813959804123,0.06356067823033243,1.0,10,19,9249.880558268775,308.99374494974376,3089.9374494974377,5870.881154045132,0.15,31709.245699295556
11,Chemicals and chemical products,Int,From 20 to 49 persons employed,0.0001410142046662838,0.06356067823033243,1.0,20,49,5956.597094927826,308.99374494974376,6179.874898994875,15140.693502537446,0.15,31709.245699295556
11,Chemicals and chemical products,Int,From 50 to 249 persons employed,8.805671651122402e-05,0.06356067823033243,1.0,50,249,3719.613800616296,308.99374494974376,15449.687247487189,76939.44249248621,0.15,31709.245699295556
11,Chemicals and chemical products,Int,250 persons employed or more,1.9318087160734468e-05,0.06356067823033243,1.0,250,1850,816.0175220185209,308.99374494974376,77248.43623743595,571638.4281570261,0.15,31709.245699295556
12,Basic pharmaceutical products and pharmaceutical preparations,C,From 0 to 9 persons employed,0.001046071402466665,0.03273716299284782,1.0,0,9,44187.22136373428,559.5572440070915,559.5572440070915,5036.015196063824,0.15,57422.32139983083
12,Basic pharmaceutical products and pharmaceutical preparations,C,From 10 to 19 persons employed,6.909467358027297e-05,0.03273716299284782,1.0,10,19,2918.6359834970986,559.5572440070915,5595.572440070916,10631.58763613474,0.15,57422.32139983083
12,Basic pharmaceutical products and pharmaceutical preparations,C,From 20 to 49 persons employed,4.449453474891901e-05,0.03273716299284782,1.0,20,49,1879.4987147060494,559.5572440070915,11191.144880141832,27418.30495634749,0.15,57422.32139983083
12,Basic pharmaceutical products and pharmaceutical preparations,C,From 50 to 249 persons employed,2.7784737303285046e-05,0.03273716299284782,1.0,50,249,1173.6582558881162,559.5572440070915,27977.86220035458,139329.7537577658,0.15,57422.32139983083
12,Basic pharmaceutical products and pharmaceutical preparations,C,250 persons employed or more,6.095480256688371e-06,0.03273716299284782,1.0,250,1850,257.47987640752274,559.5572440070915,139889.31100177288,1035180.9014131195,0.15,57422.32139983083
12,Basic pharmaceutical products and pharmaceutical preparations,I,From 0 to 9 persons employed,2.7119383965354383e-09,0.03273716299284782,1.0,0,9,0.11455529896903066,559.5572440070915,559.5572440070915,5036.015196063824,0.15,57422.32139983083
12,Basic pharmaceutical products and pharmaceutical preparations,I,From 10 to 19 persons employed,1.7912782802070357e-10,0.03273716299284782,1.0,10,19,0.007566559003994934,559.5572440070915,5595.572440070916,10631.58763613474,0.15,57422.32139983083
12,Basic pharmaceutical products and pharmaceutical preparations,I,From 20 to 49 persons employed,1.1535200841647999e-10,0.03273716299284782,1.0,20,49,0.004872597337649491,559.5572440070915,11191.144880141832,27418.30495634749,0.15,57422.32139983083
12,Basic pharmaceutical products and pharmaceutical preparations,I,From 50 to 249 persons employed,7.20318859236097e-11,0.03273716299284782,1.0,50,249,0.003042707104934193,559.5572440070915,27977.86220035458,139329.7537577658,0.15,57422.32139983083
12,Basic pharmaceutical products and pharmaceutical preparations,I,250 persons employed or more,1.5802522575856057e-11,0.03273716299284782,1.0,250,1850,0.0006675161576143094,559.5572440070915,139889.31100177288,1035180.9014131195,0.15,57422.32139983083
12,Basic pharmaceutical products and pharmaceutical preparations,Int,From 0 to 9 persons employed,0.0008585251933688373,0.03273716299284782,1.0,0,9,36265.0605649651,559.5572440070915,559.5572440070915,5036.015196063824,0.15,57422.32139983083
12,Basic pharmaceutical products and pharmaceutical preparations,Int,From 10 to 19 persons employed,5.670694931185719e-05,0.03273716299284782,1.0,10,19,2395.364710474381,559.5572440070915,5595.572440070916,10631.58763613474,0.15,57422.32139983083
12,Basic pharmaceutical products and pharmaceutical preparations,Int,From 20 to 49 persons employed,3.651727688864857e-05,0.03273716299284782,1.0,20,49,1542.5304560229695,559.5572440070915,11191.144880141832,27418.30495634749,0.15,57422.32139983083
12,Basic pharmaceutical products and pharmaceutical preparations,Int,From 50 to 249 persons employed,2.2803316207437653e-05,0.03273716299284782,1.0,50,249,963.2374794964215,559.5572440070915,27977.86220035458,139329.7537577658,0.15,57422.32139983083
12,Basic pharmaceutical products and pharmaceutical preparations,Int,250 persons employed or more,5.002644517104153e-06,0.03273716299284782,1.0,250,1850,211.31727734847146,559.5572440070915,139889.31100177288,1035180.9014131195,0.15,57422.32139983083
13,Rubber and plastic products,C,From 0 to 9 persons employed,0.00026910879361616936,0.051463025750899116,1.0,0,9,11367.455229543082,110.23961956873268,110.23961956873268,992.1565761185941,0.15,38985.39821688057
13,Rubber and plastic products,C,From 10 to 19 persons employed,1.777506220765155e-05,0.051463025750899116,1.0,10,19,750.8384290705009,110.23961956873268,1102.3961956873268,2094.5527718059207,0.15,38985.39821688057
13,Rubber and plastic products,C,From 20 to 49 persons employed,1.1446513632396037e-05,0.051463025750899116,1.0,20,49,483.5134872485951,110.23961956873268,2204.7923913746536,5401.741358867902,0.15,38985.39821688057
13,Rubber and plastic products,C,From 50 to 249 persons employed,7.147807615233503e-06,0.051463025750899116,1.0,50,249,301.9313563251465,110.23961956873268,5511.980978436634,27449.66527261444,0.15,38985.39821688057
13,Rubber and plastic products,C,250 persons employed or more,1.5681026500873672e-06,0.051463025750899116,1.0,250,1850,66.23840280604259,110.23961956873268,27559.90489218317,203943.29620215547,0.15,38985.39821688057
13,Rubber and plastic products,I,From 0 to 9 persons employed,3.535349610443547e-05,0.051463025750899116,1.0,0,9,1493.3710592460147,110.23961956873268,110.23961956873268,992.1565761185941,0.15,38985.39821688057
13,Rubber and plastic products,I,From 10 to 19 persons employed,2.335154433528512e-06,0.051463025750899116,1.0,10,19,98.6395246342833,110.23961956873268,1102.3961956873268,2094.5527718059207,0.15,38985.39821688057
13,Rubber and plastic products,I,From 20 to 49 persons employed,1.5037571596024054e-06,0.051463025750899116,1.0,20,49,63.5203776070814,110.23961956873268,2204.7923913746536,5401.741358867902,0.15,38985.39821688057
13,Rubber and plastic products,I,From 50 to 249 persons employed,9.390253855503457e-07,0.051463025750899116,1.0,50,249,39.665478359926105,110.23961956873268,5511.980978436634,27449.66527261444,0.15,38985.39821688057
13,Rubber and plastic products,I,250 persons employed or more,2.060055718962864e-07,0.051463025750899116,1.0,250,1850,8.70190484710623,110.23961956873268,27559.90489218317,203943.29620215547,0.15,38985.39821688057
13,Rubber and plastic products,Int,From 0 to 9 persons employed,0.0026895797793043343,0.051463025750899116,1.0,0,9,113610.84606968923,110.23961956873268,110.23961956873268,992.1565761185941,0.15,38985.39821688057
13,Rubber and plastic products,Int,From 10 to 19 persons employed,0.0001776510059264885,0.051463025750899116,1.0,10,19,7504.176393555476,110.23961956873268,1102.3961956873268,2094.5527718059207,0.15,38985.39821688057
13,Rubber and plastic products,Int,From 20 to 49 persons employed,0.00011440098703401865,0.051463025750899116,1.0,20,49,4832.425135016503,110.23961956873268,2204.7923913746536,5401.741358867902,0.15,38985.39821688057
13,Rubber and plastic products,Int,From 50 to 249 persons employed,7.143801794789979e-05,0.051463025750899116,1.0,50,249,3017.621460071281,110.23961956873268,5511.980978436634,27449.66527261444,0.15,38985.39821688057
13,Rubber and plastic products,Int,250 persons employed or more,1.567223843886725e-05,0.051463025750899116,1.0,250,1850,662.0128105313736,110.23961956873268,27559.90489218317,203943.29620215547,0.15,38985.39821688057
14,Other non-metallic mineral products,C,From 0 to 9 persons employed,0.0001561040611192251,0.03620832672900528,1.0,0,9,6594.009441600155,118.71841452067596,118.71841452067596,1068.4657306860836,0.15,41983.85919573666
14,Other non-metallic mineral products,C,From 10 to 19 persons employed,1.0310920575932246e-05,0.03620832672900528,1.0,10,19,435.54477149289966,118.71841452067596,1187.1841452067597,2255.6498758928433,0.15,41983.85919573666
14,Other non-metallic mineral products,C,From 20 to 49 persons employed,6.639869473095627e-06,0.03620832672900528,1.0,20,49,280.4754833581523,118.71841452067596,2374.3682904135194,5817.202311513122,0.15,41983.85919573666
14,Other non-metallic mineral products,C,From 50 to 249 persons employed,4.146285157921464e-06,0.03620832672900528,1.0,50,249,175.14370403226857,118.71841452067596,5935.920726033798,29560.885215648315,0.15,41983.85919573666
14,Other non-metallic mineral products,C,250 persons employed or more,9.096216762043005e-07,0.03620832672900528,1.0,250,1850,38.423432921416946,118.71841452067596,29679.603630168993,219629.06686325054,0.15,41983.85919573666
14,Other non-metallic mineral products,I,From 0 to 9 persons employed,6.163743547600619e-05,0.03620832672900528,1.0,0,9,2603.6339386096215,118.71841452067596,118.71841452067596,1068.4657306860836,0.15,41983.85919573666
14,Other non-metallic mineral products,I,From 10 to 19 persons employed,4.071250274596336e-06,0.03620832672900528,1.0,10,19,171.97414697175512,118.71841452067596,1187.1841452067597,2255.6498758928433,0.15,41983.85919573666
14,Other non-metallic mineral products,I,From 20 to 49 persons employed,2.6217416977029024e-06,0.03620832672900528,1.0,20,49,110.74528993122183,118.71841452067596,2374.3682904135194,5817.202311513122,0.15,41983.85919573666
14,Other non-metallic mineral products,I,From 50 to 249 persons employed,1.6371539731520276e-06,0.03620832672900528,1.0,50,249,69.15520761546773,118.71841452067596,5935.920726033798,29560.885215648315,0.15,41983.85919573666
14,Other non-metallic mineral products,I,250 persons employed or more,3.59162644281227e-07,0.03620832672900528,1.0,250,1850,15.171430201624759,118.71841452067596,29679.603630168993,219629.06686325054,0.15,41983.85919573666
14,Other non-metallic mineral products,Int,From 0 to 9 persons employed,0.0018888049392941893,0.03620832672900528,1.0,0,9,79785.22476448893,118.71841452067596,118.71841452067596,1068.4657306860836,0.15,41983.85919573666
14,Other non-metallic mineral products,Int,From 10 to 19 persons employed,0.00012475855895649354,0.03620832672900528,1.0,10,19,5269.940511356965,118.71841452067596,1187.1841452067597,2255.6498758928433,0.15,41983.85919573666
14,Other non-metallic mineral products,Int,From 20 to 49 persons employed,8.03401152227114e-05,0.03620832672900528,1.0,20,49,3393.6559658956876,118.71841452067596,2374.3682904135194,5817.202311513122,0.15,41983.85919573666
14,Other non-metallic mineral products,Int,From 50 to 249 persons employed,5.016861079624886e-05,0.03620832672900528,1.0,50,249,2119.178007865979,118.71841452067596,5935.920726033798,29560.885215648315,0.15,41983.85919573666
14,Other non-metallic mineral products,Int,250 persons employed or more,1.100610645607444e-05,0.03620832672900528,1.0,250,1850,464.91019750717646,118.71841452067596,29679.603630168993,219629.06686325054,0.15,41983.85919573666
15,Basic metals,C,From 0 to 9 persons employed,2.8037884877281087e-06,0.04270418092187881,1.0,0,9,118.43514914201064,92.82322425748067,92.82322425748067,835.4090183173262,0.15,32826.22323634252
15,Basic metals,C,From 10 to 19 persons employed,1.8519467207581396e-07,0.04270418092187881,1.0,10,19,7.822829255347075,92.82322425748067,928.2322425748068,1763.6412608921328,0.15,32826.22323634252
15,Basic metals,C,From 20 to 49 persons employed,1.1925884218005176e-07,0.04270418092187881,1.0,20,49,5.037626348035575,92.82322425748067,1856.4644851496137,4548.337988616553,0.15,32826.22323634252
15,Basic metals,C,From 50 to 249 persons employed,7.447151924983713e-08,0.04270418092187881,1.0,50,249,3.1457599343855644,92.82322425748067,4641.161212874034,23112.98284011269,0.15,32826.22323634252
15,Basic metals,C,250 persons employed or more,1.633773500602073e-08,0.04270418092187881,1.0,250,1850,0.6901241268911122,92.82322425748067,23205.806064370172,171722.96487633925,0.15,32826.22323634252
15,Basic metals,I,From 0 to 9 persons employed,1.6856827085745638e-05,0.04270418092187881,1.0,0,9,712.0511546072693,92.82322425748067,92.82322425748067,835.4090183173262,0.15,32826.22323634252
15,Basic metals,I,From 10 to 19 persons employed,1.1134201378053777e-06,0.04270418092187881,1.0,10,19,47.03210697093267,92.82322425748067,928.2322425748068,1763.6412608921328,0.15,32826.22323634252
15,Basic metals,I,From 20 to 49 persons employed,7.170033295572572e-07,0.04270418092187881,1.0,20,49,30.287019382207674,92.82322425748067,1856.4644851496137,4548.337988616553,0.15,32826.22323634252
15,Basic metals,I,From 50 to 249 persons employed,4.477347447219483e-07,0.04270418092187881,1.0,50,249,18.912814393560716,92.82322425748067,4641.161212874034,23112.98284011269,0.15,32826.22323634252
15,Basic metals,I,250 persons employed or more,9.822508908023288e-08,0.04270418092187881,1.0,250,1850,4.149137185498272,92.82322425748067,23205.806064370172,171722.96487633925,0.15,32826.22323634252
15,Basic metals,Int,From 0 to 9 persons employed,0.00246480492716861,0.04270418092187881,1.0,0,9,104116.10591629095,92.82322425748067,92.82322425748067,835.4090183173262,0.15,32826.22323634252
15,Basic metals,Int,From 10 to 19 persons employed,0.00016280427079851334,0.04270418092187881,1.0,10,19,6877.0337624868735,92.82322425748067,928.2322425748068,1763.6412608921328,0.15,32826.22323634252
15,Basic metals,Int,From 20 to 49 persons employed,0.0001048402128407342,0.04270418092187881,1.0,20,49,4428.567382389718,92.82322425748067,1856.4644851496137,4548.337988616553,0.15,32826.22323634252
15,Basic metals,Int,From 50 to 249 persons employed,6.546776562645286e-05,0.04270418092187881,1.0,50,249,2765.431351152277,92.82322425748067,4641.161212874034,23112.98284011269,0.15,32826.22323634252
15,Basic metals,Int,250 persons employed or more,1.4362470606420438e-05,0.04270418092187881,1.0,250,1850,606.6867582074549,92.82322425748067,23205.806064370172,171722.96487633925,0.15,32826.22323634252
16,"Fabricated metal products, except machinery and equipment",C,From 0 to 9 persons employed,0.00024488017713787734,0.10945780324006169,1.0,0,9,10344.01147882127,100.95282218883119,100.95282218883119,908.5753996994807,0.15,35701.19335993972
16,"Fabricated metal products, except machinery and equipment",C,From 10 to 19 persons employed,1.617472370024019e-05,0.10945780324006169,1.0,10,19,683.2383477403476,100.95282218883119,1009.5282218883119,1918.1036215877925,0.15,35701.19335993972
16,"Fabricated metal products, except machinery and equipment",C,From 20 to 49 persons employed,1.041595203280585e-05,0.10945780324006169,1.0,20,49,439.9814172362837,100.95282218883119,2019.0564437766238,4946.6882872527285,0.15,35701.19335993972
16,"Fabricated metal products, except machinery and equipment",C,From 50 to 249 persons employed,6.504270527340653e-06,0.10945780324006169,1.0,50,249,274.74763283223666,100.95282218883119,5047.64110944156,25137.252725018967,0.15,35701.19335993972
16,"Fabricated metal products, except machinery and equipment",C,250 persons employed or more,1.4269219878093828e-06,0.10945780324006169,1.0,250,1850,60.27477435616275,100.95282218883119,25238.2055472078,186762.7210493377,0.15,35701.19335993972
16,"Fabricated metal products, except machinery and equipment",I,From 0 to 9 persons employed,0.0007414911370487872,0.10945780324006169,1.0,0,9,31321.411650067443,100.95282218883119,100.95282218883119,908.5753996994807,0.15,35701.19335993972
16,"Fabricated metal products, except machinery and equipment",I,From 10 to 19 persons employed,4.89766644573615e-05,0.10945780324006169,1.0,10,19,2068.8288666831554,100.95282218883119,1009.5282218883119,1918.1036215877925,0.15,35701.19335993972
16,"Fabricated metal products, except machinery and equipment",I,From 20 to 49 persons employed,3.153924587330843e-05,0.10945780324006169,1.0,20,49,1332.2528804084511,100.95282218883119,2019.0564437766238,4946.6882872527285,0.15,35701.19335993972
16,"Fabricated metal products, except machinery and equipment",I,From 50 to 249 persons employed,1.969477074608319e-05,0.10945780324006169,1.0,50,249,831.929056289165,100.95282218883119,5047.64110944156,25137.252725018967,0.15,35701.19335993972
16,"Fabricated metal products, except machinery and equipment",I,250 persons employed or more,4.320684587813617e-06,0.10945780324006169,1.0,250,1850,182.510530231878,100.95282218883119,25238.2055472078,186762.7210493377,0.15,35701.19335993972
16,"Fabricated metal products, except machinery and equipment",Int,From 0 to 9 persons employed,0.005381720396357063,0.10945780324006169,1.0,0,9,227329.86477864388,100.95282218883119,100.95282218883119,908.5753996994807,0.15,35701.19335993972
16,"Fabricated metal products, except machinery and equipment",Int,From 10 to 19 persons employed,0.0003554711592437766,0.10945780324006169,1.0,10,19,15015.497761328521,100.95282218883119,1009.5282218883119,1918.1036215877925,0.15,35701.19335993972
16,"Fabricated metal products, except machinery and equipment",Int,From 20 to 49 persons employed,0.00022891089902661425,0.10945780324006169,1.0,20,49,9669.451381625702,100.95282218883119,2019.0564437766238,4946.6882872527285,0.15,35701.19335993972
16,"Fabricated metal products, except machinery and equipment",Int,From 50 to 249 persons employed,0.00014294405439238374,0.10945780324006169,1.0,50,249,6038.116097210882,100.95282218883119,5047.64110944156,25137.252725018967,0.15,35701.19335993972
16,"Fabricated metal products, except machinery and equipment",Int,250 persons employed or more,3.1359398933627725e-05,0.10945780324006169,1.0,250,1850,1324.6559453268471,100.95282218883119,25238.2055472078,186762.7210493377,0.15,35701.19335993972
17,"Computer, electronic and optical products",C,From 0 to 9 persons employed,0.0005454784340191458,0.0460478400142259,1.0,0,9,23041.616715944216,195.1800410725074,195.1800410725074,1756.6203696525665,0.15,69584.88619824861
17,"Computer, electronic and optical products",C,From 10 to 19 persons employed,3.602971485001703e-05,0.0460478400142259,1.0,10,19,1521.9352923670622,195.1800410725074,1951.800410725074,3708.4207803776403,0.15,69584.88619824861
17,"Computer, electronic and optical products",C,From 20 to 49 persons employed,2.320186660300585e-05,0.0460478400142259,1.0,20,49,980.0726921903629,195.1800410725074,3903.600821450148,9563.822012552862,0.15,69584.88619824861
17,"Computer, electronic and optical products",C,From 50 to 249 persons employed,1.4488470823397968e-05,0.0460478400142259,1.0,50,249,612.0091477368275,195.1800410725074,9759.00205362537,48599.83022705434,0.15,69584.88619824861
17,"Computer, electronic and optical products",C,250 persons employed or more,3.178514408454971e-06,0.0460478400142259,1.0,250,1850,134.263989478189,195.1800410725074,48795.01026812685,361083.0759841387,0.15,69584.88619824861
17,"Computer, electronic and optical products",I,From 0 to 9 persons employed,0.0008021905518839098,0.0460478400142259,1.0,0,9,33885.42255185115,195.1800410725074,195.1800410725074,1756.6203696525665,0.15,69584.88619824861
17,"Computer, electronic and optical products",I,From 10 to 19 persons employed,5.29859569823811e-05,0.0460478400142259,1.0,10,19,2238.185849291856,195.1800410725074,1951.800410725074,3708.4207803776403,0.15,69584.88619824861
17,"Computer, electronic and optical products",I,From 20 to 49 persons employed,3.412108896380099e-05,0.0460478400142259,1.0,20,49,1441.3128087240593,195.1800410725074,3903.600821450148,9563.822012552862,0.15,69584.88619824861
17,"Computer, electronic and optical products",I,From 50 to 249 persons employed,2.1307009921803076e-05,0.0460478400142259,1.0,50,249,900.0318351060148,195.1800410725074,9759.00205362537,48599.83022705434,0.15,69584.88619824861
17,"Computer, electronic and optical products",I,250 persons employed or more,4.674381365918415e-06,0.0460478400142259,1.0,250,1850,197.45107615723546,195.1800410725074,48795.01026812685,361083.0759841387,0.15,69584.88619824861
17,"Computer, electronic and optical products",Int,From 0 to 9 persons employed,0.0013313256549807174,0.0460478400142259,1.0,0,9,56236.67876316515,195.1800410725074,195.1800410725074,1756.6203696525665,0.15,69584.88619824861
17,"Computer, electronic and optical products",Int,From 10 to 19 persons employed,8.793616892979456e-05,0.0460478400142259,1.0,10,19,3714.52173648671,195.1800410725074,1951.800410725074,3708.4207803776403,0.15,69584.88619824861
17,"Computer, electronic and optical products",Int,From 20 to 49 persons employed,5.662779374140722e-05,0.0460478400142259,1.0,20,49,2392.021090999269,195.1800410725074,3903.600821450148,9563.822012552862,0.15,69584.88619824861
17,"Computer, electronic and optical products",Int,From 50 to 249 persons employed,3.536138498914935e-05,0.0460478400142259,1.0,50,249,1493.7042945245464,195.1800410725074,9759.00205362537,48599.83022705434,0.15,69584.88619824861
17,"Computer, electronic and optical products",Int,250 persons employed or more,7.757662838332184e-06,0.0460478400142259,1.0,250,1850,327.6923203275533,195.1800410725074,48795.01026812685,361083.0759841387,0.15,69584.88619824861
18,Electrical equipment,C,From 0 to 9 persons employed,0.0005068604539280184,0.054724304078036946,1.0,0,9,21410.350216465173,101.5710290292519,101.5710290292519,914.139261263267,0.15,36211.73792772121
18,Electrical equipment,C,From 10 to 19 persons employed,3.3478936076757374e-05,0.054724304078036946,1.0,10,19,1414.187555417021,101.5710290292519,1015.710290292519,1929.849551555786,0.15,36211.73792772121
18,Electrical equipment,C,From 20 to 49 persons employed,2.1559254967656713e-05,0.054724304078036946,1.0,20,49,910.6869468438535,101.5710290292519,2031.420580585038,4976.980422433343,0.15,36211.73792772121
18,Electrical equipment,C,From 50 to 249 persons employed,1.3462737370131465e-05,0.054724304078036946,1.0,50,249,568.6810240037834,101.5710290292519,5078.551451462596,25291.186228283725,0.15,36211.73792772121
18,Electrical equipment,C,250 persons employed or more,2.953486619105617e-06,0.054724304078036946,1.0,250,1850,124.75856497511495,101.5710290292519,25392.757257312973,187906.403704116,0.15,36211.73792772121
18,Electrical equipment,I,From 0 to 9 persons employed,0.00047446191916039203,0.054724304078036946,1.0,0,9,20041.800015912904,101.5710290292519,101.5710290292519,914.139261263267,0.15,36211.73792772121
18,Electrical equipment,I,From 10 to 19 persons employed,3.1338961521512235e-05,0.054724304078036946,1.0,10,19,1323.7926462718117,101.5710290292519,1015.710290292519,1929.849551555786,0.15,36211.73792772121
18,Electrical equipment,I,From 20 to 49 persons employed,2.0181186771133057e-05,0.054724304078036946,1.0,20,49,852.4758110547234,101.5710290292519,2031.420580585038,4976.980422433343,0.15,36211.73792772121
18,Electrical equipment,I,From 50 to 249 persons employed,1.2602198810901966e-05,0.054724304078036946,1.0,50,249,532.3309166219744,101.5710290292519,5078.551451462596,25291.186228283725,0.15,36211.73792772121
18,Electrical equipment,I,250 persons employed or more,2.7646996696143834e-06,0.054724304078036946,1.0,250,1850,116.78399391994351,101.5710290292519,25392.757257312973,187906.403704116,0.15,36211.73792772121
18,Electrical equipment,Int,From 0 to 9 persons employed,0.00220245600404856,0.054724304078036946,1.0,0,9,93034.19514699969,101.5710290292519,101.5710290292519,914.139261263267,0.15,36211.73792772121
18,Electrical equipment,Int,From 10 to 19 persons employed,0.0001454757087478042,0.054724304078036946,1.0,10,19,6145.055997446795,101.5710290292519,1015.710290292519,1929.849551555786,0.15,36211.73792772121
18,Electrical equipment,Int,From 20 to 49 persons employed,9.368122957383573e-05,0.054724304078036946,1.0,20,49,3957.1994980885665,101.5710290292519,2031.420580585038,4976.980422433343,0.15,36211.73792772121
18,Electrical equipment,Int,From 50 to 249 persons employed,5.8499507156235665e-05,0.054724304078036946,1.0,50,249,2471.0843507303666,101.5710290292519,5078.551451462596,25291.186228283725,0.15,36211.73792772121
18,Electrical equipment,Int,250 persons employed or more,1.2833757865138249e-05,0.054724304078036946,1.0,250,1850,542.1122290297014,101.5710290292519,25392.757257312973,187906.403704116,0.15,36211.73792772121
19,Machinery and equipment n.e.c.,C,From 0 to 9 persons employed,0.0001308935966556621,0.12512411703268533,1.0,0,9,5529.091338201841,100.86440404934137,100.86440404934137,907.7796364440724,0.15,35959.814531549535
19,Machinery and equipment n.e.c.,C,From 10 to 19 persons employed,8.645729453405153e-06,0.12512411703268533,1.0,10,19,365.20524345444477,100.86440404934137,1008.6440404934136,1916.423676937486,0.15,35959.814531549535
19,Machinery and equipment n.e.c.,C,From 20 to 49 persons employed,5.567545074908918e-06,0.12512411703268533,1.0,20,49,235.17930620936616,100.86440404934137,2017.2880809868273,4942.355798417727,0.15,35959.814531549535
19,Machinery and equipment n.e.c.,C,From 50 to 249 persons employed,3.476669173044922e-06,0.12512411703268533,1.0,50,249,146.85837887887627,100.86440404934137,5043.220202467069,25115.236608286003,0.15,35959.814531549535
19,Machinery and equipment n.e.c.,C,250 persons employed or more,7.627197648842566e-07,0.12512411703268533,1.0,250,1850,32.218132538529076,100.86440404934137,25216.10101233534,186599.14749128153,0.15,35959.814531549535
19,Machinery and equipment n.e.c.,I,From 0 to 9 persons employed,0.0032807057146171776,0.12512411703268533,1.0,0,9,138580.66409159565,100.86440404934137,100.86440404934137,907.7796364440724,0.15,35959.814531549535
19,Machinery and equipment n.e.c.,I,From 10 to 19 persons employed,0.0002166958105631165,0.12512411703268533,1.0,10,19,9153.47243731901,100.86440404934137,1008.6440404934136,1916.423676937486,0.15,35959.814531549535
19,Machinery and equipment n.e.c.,I,From 20 to 49 persons employed,0.00013954446520170777,0.12512411703268533,1.0,20,49,5894.513662654371,100.86440404934137,2017.2880809868273,4942.355798417727,0.15,35959.814531549535
19,Machinery and equipment n.e.c.,I,From 50 to 249 persons employed,8.713893357096061e-05,0.12512411703268533,1.0,50,249,3680.845626809374,100.86440404934137,5043.220202467069,25115.236608286003,0.15,35959.814531549535
19,Machinery and equipment n.e.c.,I,250 persons employed or more,1.911674180586442e-05,0.12512411703268533,1.0,250,1850,807.5124699300849,100.86440404934137,25216.10101233534,186599.14749128153,0.15,35959.814531549535
19,Machinery and equipment n.e.c.,Int,From 0 to 9 persons employed,0.003867935165747582,0.12512411703268533,1.0,0,9,163385.8902809525,100.86440404934137,100.86440404934137,907.7796364440724,0.15,35959.814531549535
19,Machinery and equipment n.e.c.,Int,From 10 to 19 persons employed,0.00025548324624571195,0.12512411703268533,1.0,10,19,10791.89692975519,100.86440404934137,1008.6440404934136,1916.423676937486,0.15,35959.814531549535
19,Machinery and equipment n.e.c.,Int,From 20 to 49 persons employed,0.00016452220683320509,0.12512411703268533,1.0,20,49,6949.601294372995,100.86440404934137,2017.2880809868273,4942.355798417727,0.15,35959.814531549535
19,Machinery and equipment n.e.c.,Int,From 50 to 249 persons employed,0.00010273635454809176,0.12512411703268533,1.0,50,249,4339.698064410362,100.86440404934137,5043.220202467069,25115.236608286003,0.15,35959.814531549535
19,Machinery and equipment n.e.c.,Int,250 persons employed or more,2.253854027685875e-05,0.12512411703268533,1.0,250,1850,952.0530492283821,100.86440404934137,25216.10101233534,186599.14749128153,0.15,35959.814531549535
20,"Motor vehicles, trailers and semi-trailers",C,From 0 to 9 persons employed,0.0017974157326627162,0.10112097136086018,1.0,0,9,75924.84286879931,163.1957689422241,163.1957689422241,1468.761920480017,0.15,34933.21452439723
20,"Motor vehicles, trailers and semi-trailers",C,From 10 to 19 persons employed,0.00011872215705689857,0.10112097136086018,1.0,10,19,5014.956170566356,163.1957689422241,1631.9576894222412,3100.719609902258,0.15,34933.21452439723
20,"Motor vehicles, trailers and semi-trailers",C,From 20 to 49 persons employed,7.645288513444808e-05,0.10112097136086018,1.0,20,49,3229.455036593127,163.1957689422241,3263.9153788444823,7996.592678168982,0.15,34933.21452439723
20,"Motor vehicles, trailers and semi-trailers",C,From 50 to 249 persons employed,4.7741219040176035e-05,0.10112097136086018,1.0,50,249,2016.6422759750465,163.1957689422241,8159.788447111206,40635.746466613804,0.15,34933.21452439723
20,"Motor vehicles, trailers and semi-trailers",C,250 persons employed or more,1.0473579610026462e-05,0.10112097136086018,1.0,250,1850,442.41567029520337,163.1957689422241,40798.942235556024,301912.17254311463,0.15,34933.21452439723
20,"Motor vehicles, trailers and semi-trailers",I,From 0 to 9 persons employed,0.0013631833633507469,0.10112097136086018,1.0,0,9,57582.38385420232,163.1957689422241,163.1957689422241,1468.761920480017,0.15,34933.21452439723
20,"Motor vehicles, trailers and semi-trailers",I,From 10 to 19 persons employed,9.004042104456632e-05,0.10112097136086018,1.0,10,19,3803.407689951525,163.1957689422241,1631.9576894222412,3100.719609902258,0.15,34933.21452439723
20,"Motor vehicles, trailers and semi-trailers",I,From 20 to 49 persons employed,5.798285794519744e-05,0.10112097136086018,1.0,20,49,2449.2605125088908,163.1957689422241,3263.9153788444823,7996.592678168982,0.15,34933.21452439723
20,"Motor vehicles, trailers and semi-trailers",I,From 50 to 249 persons employed,3.6207558640449554e-05,0.10112097136086018,1.0,50,249,1529.4476121929147,163.1957689422241,8159.788447111206,40635.746466613804,0.15,34933.21452439723
20,"Motor vehicles, trailers and semi-trailers",I,250 persons employed or more,7.943298380929897e-06,0.10112097136086018,1.0,250,1850,335.5337724448752,163.1957689422241,40798.942235556024,301912.17254311463,0.15,34933.21452439723
20,"Motor vehicles, trailers and semi-trailers",Int,From 0 to 9 persons employed,0.0027224681721366604,0.10112097136086018,1.0,0,9,115000.0884205963,163.1957689422241,163.1957689422241,1468.761920480017,0.15,34933.21452439723
20,"Motor vehicles, trailers and semi-trailers",Int,From 10 to 19 persons employed,0.0001798233363830624,0.10112097136086018,1.0,10,19,7595.938052017286,163.1957689422241,1631.9576894222412,3100.719609902258,0.15,34933.21452439723
20,"Motor vehicles, trailers and semi-trailers",Int,From 20 to 49 persons employed,0.00011579989129071028,0.10112097136086018,1.0,20,49,4891.516409198501,163.1957689422241,3263.9153788444823,7996.592678168982,0.15,34933.21452439723
20,"Motor vehicles, trailers and semi-trailers",Int,From 50 to 249 persons employed,7.231156764347378e-05,0.10112097136086018,1.0,50,249,3054.5211723466873,163.1957689422241,8159.788447111206,40635.746466613804,0.15,34933.21452439723
20,"Motor vehicles, trailers and semi-trailers",Int,250 persons employed or more,1.586387980169481e-05,0.10112097136086018,1.0,250,1850,670.1079551856878,163.1957689422241,40798.942235556024,301912.17254311463,0.15,34933.21452439723
21,Other transport equipment,C,From 0 to 9 persons employed,0.00019115840077208457,0.02718937898894872,1.0,0,9,8074.743799071312,138.29404809056982,138.29404809056982,1244.6464328151283,0.15,29602.824146167128
21,Other transport equipment,C,From 10 to 19 persons employed,1.2626315251835864e-05,0.02718937898894872,1.0,10,19,533.3496219527375,138.29404809056982,1382.9404809056982,2627.5869137208265,0.15,29602.824146167128
21,Other transport equipment,C,From 20 to 49 persons employed,8.130902045161633e-06,0.02718937898894872,1.0,20,49,343.4583602125057,138.29404809056982,2765.8809618113964,6776.408356437922,0.15,29602.824146167128
21,Other transport equipment,C,From 50 to 249 persons employed,5.077364639014406e-06,0.02718937898894872,1.0,50,249,214.4735385361764,138.29404809056982,6914.702404528491,34435.21797455189,0.15,29602.824146167128
21,Other transport equipment,C,250 persons employed or more,1.113884057110046e-06,0.02718937898894872,1.0,250,1850,47.051703439167966,138.29404809056982,34573.512022642455,255843.98896755418,0.15,29602.824146167128
21,Other transport equipment,I,From 0 to 9 persons employed,0.0007473651510198051,0.02718937898894872,1.0,0,9,31569.536543854803,138.29404809056982,138.29404809056982,1244.6464328151283,0.15,29602.824146167128
21,Other transport equipment,I,From 10 to 19 persons employed,4.936465238722594e-05,0.02718937898894872,1.0,10,19,2085.217909059183,138.29404809056982,1382.9404809056982,2627.5869137208265,0.15,29602.824146167128
21,Other transport equipment,I,From 20 to 49 persons employed,3.178909642665765e-05,0.02718937898894872,1.0,20,49,1342.8068461154385,138.29404809056982,2765.8809618113964,6776.408356437922,0.15,29602.824146167128
21,Other transport equipment,I,From 50 to 249 persons employed,1.9850790626481132e-05,0.02718937898894872,1.0,50,249,838.5195098433209,138.29404809056982,6914.702404528491,34435.21797455189,0.15,29602.824146167128
21,Other transport equipment,I,250 persons employed or more,4.354912591851793e-06,0.02718937898894872,1.0,250,1850,183.95635925244707,138.29404809056982,34573.512022642455,255843.98896755418,0.15,29602.824146167128
21,Other transport equipment,Int,From 0 to 9 persons employed,0.0006433139584550277,0.02718937898894872,1.0,0,9,27174.298256890088,138.29404809056982,138.29404809056982,1244.6464328151283,0.15,29602.824146167128
21,Other transport equipment,Int,From 10 to 19 persons employed,4.2491906254458464e-05,0.02718937898894872,1.0,10,19,1794.905456171893,138.29404809056982,1382.9404809056982,2627.5869137208265,0.15,29602.824146167128
21,Other transport equipment,Int,From 20 to 49 persons employed,2.7363290126702433e-05,0.02718937898894872,1.0,20,49,1155.855857657112,138.29404809056982,2765.8809618113964,6776.408356437922,0.15,29602.824146167128
21,Other transport equipment,Int,From 50 to 249 persons employed,1.7087083441016802e-05,0.02718937898894872,1.0,50,249,721.777439559503,138.29404809056982,6914.702404528491,34435.21797455189,0.15,29602.824146167128
21,Other transport equipment,Int,250 persons employed or more,3.7486040851208753e-06,0.02718937898894872,1.0,250,1850,158.3452125004566,138.29404809056982,34573.512022642455,255843.98896755418,0.15,29602.824146167128
22,Furniture and other manufactured goods,C,From 0 to 9 persons employed,0.0012583005817194803,0.04658677974573148,1.0,0,9,53152.018318678885,80.89700901210209,80.89700901210209,728.0730811089188,0.15,46763.36872251574
22,Furniture and other manufactured goods,C,From 10 to 19 persons employed,8.31127471363463e-05,0.04658677974573148,1.0,10,19,3510.7750266395774,80.89700901210209,808.9700901210209,1537.0431712299396,0.15,46763.36872251574
22,Furniture and other manufactured goods,C,From 20 to 49 persons employed,5.3521680093617285e-05,0.04658677974573148,1.0,20,49,2260.8153903060183,80.89700901210209,1617.9401802420418,3963.9534415930025,0.15,46763.36872251574
22,Furniture and other manufactured goods,C,From 50 to 249 persons employed,3.342176359013947e-05,0.04658677974573148,1.0,50,249,1411.7725258921305,80.89700901210209,4044.8504506051045,20143.35524401342,0.15,46763.36872251574
22,Furniture and other manufactured goods,C,250 persons employed or more,7.332144187064708e-06,0.04658677974573148,1.0,250,1850,309.71793847023764,80.89700901210209,20224.252253025523,149659.46667238887,0.15,46763.36872251574
22,Furniture and other manufactured goods,I,From 0 to 9 persons employed,0.0005248691634708902,0.04658677974573148,1.0,0,9,22171.05816925851,80.89700901210209,80.89700901210209,728.0730811089188,0.15,46763.36872251574
22,Furniture and other manufactured goods,I,From 10 to 19 persons employed,3.4668439875955567e-05,0.04658677974573148,1.0,10,19,1464.4335210023849,80.89700901210209,808.9700901210209,1537.0431712299396,0.15,46763.36872251574
22,Furniture and other manufactured goods,I,From 20 to 49 persons employed,2.232525349380803e-05,0.04658677974573148,1.0,20,49,943.0435779108433,80.89700901210209,1617.9401802420418,3963.9534415930025,0.15,46763.36872251574
22,Furniture and other manufactured goods,I,From 50 to 249 persons employed,1.394106730309778e-05,0.04658677974573148,1.0,50,249,588.8862132318259,80.89700901210209,4044.8504506051045,20143.35524401342,0.15,46763.36872251574
22,Furniture and other manufactured goods,I,250 persons employed or more,3.058423751703035e-06,0.04658677974573148,1.0,250,1850,129.19122635599558,80.89700901210209,20224.252253025523,149659.46667238887,0.15,46763.36872251574
22,Furniture and other manufactured goods,Int,From 0 to 9 persons employed,0.0009271796053174962,0.04658677974573148,1.0,0,9,39165.09940669136,80.89700901210209,80.89700901210209,728.0730811089188,0.15,46763.36872251574
22,Furniture and other manufactured goods,Int,From 10 to 19 persons employed,6.124168200051737e-05,0.04658677974573148,1.0,10,19,2586.916870935602,80.89700901210209,808.9700901210209,1537.0431712299396,0.15,46763.36872251574
22,Furniture and other manufactured goods,Int,From 20 to 49 persons employed,3.9437484926945985e-05,0.04658677974573148,1.0,20,49,1665.8832966724071,80.89700901210209,1617.9401802420418,3963.9534415930025,0.15,46763.36872251574
22,Furniture and other manufactured goods,Int,From 50 to 249 persons employed,2.4626848325997595e-05,0.04658677974573148,1.0,50,249,1040.2655075991736,80.89700901210209,4044.8504506051045,20143.35524401342,0.15,46763.36872251574
22,Furniture and other manufactured goods,Int,250 persons employed or more,5.40269523217084e-06,0.04658677974573148,1.0,250,1850,228.21586520938493,80.89700901210209,20224.252253025523,149659.46667238887,0.15,46763.36872251574
23,Repair and installation services of machinery and equipment,C,From 0 to 9 persons employed,2.3450634338067063e-05,0.045973482487126634,1.0,0,9,990.5809184466053,64.05532689874664,64.05532689874664,576.4979420887199,0.15,37027.85686377176
23,Repair and installation services of machinery and equipment,C,From 10 to 19 persons employed,1.5489515543760588e-06,0.045973482487126634,1.0,10,19,65.4294391888763,64.05532689874664,640.5532689874665,1217.0512110761863,0.15,37027.85686377176
23,Repair and installation services of machinery and equipment,C,From 20 to 49 persons employed,9.974702128161553e-07,0.045973482487126634,1.0,20,49,42.13425297117148,64.05532689874664,1281.106537974933,3138.7110180385857,0.15,37027.85686377176
23,Repair and installation services of machinery and equipment,C,From 50 to 249 persons employed,6.228730783980616e-07,0.045973482487126634,1.0,50,249,26.310852712143458,64.05532689874664,3202.7663449373326,15949.776397787915,0.15,37027.85686377176
23,Repair and installation services of machinery and equipment,C,250 persons employed or more,1.366473438404328e-07,0.045973482487126634,1.0,250,1850,5.77213602896092,64.05532689874664,16013.831724686663,118502.3547626813,0.15,37027.85686377176
23,Repair and installation services of machinery and equipment,I,From 0 to 9 persons employed,0.0007873682883166586,0.045973482487126634,1.0,0,9,33259.313626768846,64.05532689874664,64.05532689874664,576.4979420887199,0.15,37027.85686377176
23,Repair and installation services of machinery and equipment,I,From 10 to 19 persons employed,5.200692298863551e-05,0.045973482487126634,1.0,10,19,2196.830362752173,64.05532689874664,640.5532689874665,1217.0512110761863,0.15,37027.85686377176
23,Repair and installation services of machinery and equipment,I,From 20 to 49 persons employed,3.3490625574977284e-05,0.045973482487126634,1.0,20,49,1414.681332843931,64.05532689874664,1281.106537974933,3138.7110180385857,0.15,37027.85686377176
23,Repair and installation services of machinery and equipment,I,From 50 to 249 persons employed,2.0913315286346057e-05,0.045973482487126634,1.0,50,249,883.4017351284864,64.05532689874664,3202.7663449373326,15949.776397787915,0.15,37027.85686377176
23,Repair and installation services of machinery and equipment,I,250 persons employed or more,4.588011721627818e-06,0.045973482487126634,1.0,250,1850,193.8027261666169,64.05532689874664,16013.831724686663,118502.3547626813,0.15,37027.85686377176
23,Repair and installation services of machinery and equipment,Int,From 0 to 9 persons employed,0.001863849708224088,0.045973482487126634,1.0,0,9,78731.08800396044,64.05532689874664,64.05532689874664,576.4979420887199,0.15,37027.85686377176
23,Repair and installation services of machinery and equipment,Int,From 10 to 19 persons employed,0.00012311022640400904,0.045973482487126634,1.0,10,19,5200.313108097556,64.05532689874664,640.5532689874665,1217.0512110761863,0.15,37027.85686377176
23,Repair and installation services of machinery and equipment,Int,From 20 to 49 persons employed,7.927864714950183e-05,0.045973482487126634,1.0,20,49,3348.818372007882,64.05532689874664,1281.106537974933,3138.7110180385857,0.15,37027.85686377176
23,Repair and installation services of machinery and equipment,Int,From 50 to 249 persons employed,4.950577407402269e-05,0.045973482487126634,1.0,50,249,2091.179046319037,64.05532689874664,3202.7663449373326,15949.776397787915,0.15,37027.85686377176
23,Repair and installation services of machinery and equipment,Int,250 persons employed or more,1.0860691795153392e-05,0.045973482487126634,1.0,250,1850,458.76772023793905,64.05532689874664,16013.831724686663,118502.3547626813,0.15,37027.85686377176
24,"Electricity, gas, steam and air conditioning",C,From 0 to 9 persons employed,0.0007494303998362758,1.0,2.0,0,9,31656.774954549706,1001.8168741777404,1001.8168741777404,9016.351867599662,0.15,80518.18811030117
24,"Electricity, gas, steam and air conditioning",C,From 10 to 19 persons employed,1.1940214218990422e-05,1.0,2.0,10,19,504.3679500087954,1001.8168741777404,10018.168741777403,19034.52060937707,0.15,80518.18811030117
24,"Electricity, gas, steam and air conditioning",C,From 20 to 49 persons employed,9.571953618176585e-06,1.0,2.0,20,49,404.32998398810963,1001.8168741777404,20036.337483554806,49089.02683470928,0.15,80518.18811030117
24,"Electricity, gas, steam and air conditioning",C,From 50 to 249 persons employed,8.155832863977298e-06,1.0,2.0,50,249,344.5114657722115,1001.8168741777404,50090.84370888702,249452.40167025736,0.15,80518.18811030117
24,"Electricity, gas, steam and air conditioning",C,250 persons employed or more,5.689039857166232e-06,1.0,2.0,250,1850,240.31138115710252,1001.8168741777404,250454.21854443508,1853361.2172288196,0.15,80518.18811030117
24,"Electricity, gas, steam and air conditioning",I,From 0 to 9 persons employed,7.310232672088778e-07,1.0,2.0,0,9,30.87923716682267,1001.8168741777404,1001.8168741777404,9016.351867599662,0.15,80518.18811030117
24,"Electricity, gas, steam and air conditioning",I,From 10 to 19 persons employed,1.1646944681517009e-08,1.0,2.0,10,19,0.49197991804365365,1001.8168741777404,10018.168741777403,19034.52060937707,0.15,80518.18811030117
24,"Electricity, gas, steam and air conditioning",I,From 20 to 49 persons employed,9.336852106693236e-09,1.0,2.0,20,49,0.3943990342399692,1001.8168741777404,20036.337483554806,49089.02683470928,0.15,80518.18811030117
24,"Electricity, gas, steam and air conditioning",I,From 50 to 249 persons employed,7.955513398357918e-09,1.0,2.0,50,249,0.3360497483885642,1001.8168741777404,50090.84370888702,249452.40167025736,0.15,80518.18811030117
24,"Electricity, gas, steam and air conditioning",I,250 persons employed or more,5.549308520945698e-09,1.0,2.0,250,1850,0.23440897385443862,1001.8168741777404,250454.21854443508,1853361.2172288196,0.15,80518.18811030117
24,"Electricity, gas, steam and air conditioning",Int,From 0 to 9 persons employed,0.0022567134518110352,1.0,2.0,0,9,95326.09018328345,1001.8168741777404,1001.8168741777404,9016.351867599662,0.15,80518.18811030117
24,"Electricity, gas, steam and air conditioning",Int,From 10 to 19 persons employed,3.595482922948916e-05,1.0,2.0,10,19,1518.7720403333838,1001.8168741777404,10018.168741777403,19034.52060937707,0.15,80518.18811030117
24,"Electricity, gas, steam and air conditioning",Int,From 20 to 49 persons employed,2.8823432429441747e-05,1.0,2.0,20,49,1217.5338951233457,1001.8168741777404,20036.337483554806,49089.02683470928,0.15,80518.18811030117
24,"Electricity, gas, steam and air conditioning",Int,From 50 to 249 persons employed,2.455915551181406e-05,1.0,2.0,50,249,1037.4060877182662,1001.8168741777404,50090.84370888702,249452.40167025736,0.15,80518.18811030117
24,"Electricity, gas, steam and air conditioning",Int,250 persons employed or more,1.7131054166418837e-05,1.0,2.0,250,1850,723.6348119838731,1001.8168741777404,250454.21854443508,1853361.2172288196,0.15,80518.18811030117
25,Natural water; water treatment and supply services,C,From 0 to 9 persons employed,0.00020425162830607388,0.20467371416954666,3.0,0,9,8627.816315962495,675.8730632823232,675.8730632823232,6082.857569540908,0.15,71613.02971972279
25,Natural water; water treatment and supply services,C,From 10 to 19 persons employed,1.4066864122983027e-05,0.20467371416954666,3.0,10,19,594.200011041436,675.8730632823232,6758.730632823232,12841.58820236414,0.15,71613.02971972279
25,Natural water; water treatment and supply services,C,From 20 to 49 persons employed,1.1528903956681863e-05,0.20467371416954666,3.0,20,49,486.99374632924963,675.8730632823232,13517.461265646463,33117.780100833836,0.15,71613.02971972279
25,Natural water; water treatment and supply services,C,From 50 to 249 persons employed,8.571605524039799e-06,0.20467371416954666,3.0,50,249,362.0741661039949,675.8730632823232,33793.65316411616,168292.39275729845,0.15,71613.02971972279
25,Natural water; water treatment and supply services,C,250 persons employed or more,0.0,0.20467371416954666,3.0,250,1850,0.0,675.8730632823232,168968.26582058077,1250365.1670722978,0.15,71613.02971972279
25,Natural water; water treatment and supply services,I,From 0 to 9 persons employed,6.794839413910746e-08,0.20467371416954666,3.0,0,9,2.8702158629469703,675.8730632823232,675.8730632823232,6082.857569540908,0.15,71613.02971972279
25,Natural water; water treatment and supply services,I,From 10 to 19 persons employed,4.6796240287368e-09,0.20467371416954666,3.0,10,19,0.19767253207501045,675.8730632823232,6758.730632823232,12841.58820236414,0.15,71613.02971972279
25,Natural water; water treatment and supply services,I,From 20 to 49 persons employed,3.835320758699868e-09,0.20467371416954666,3.0,20,49,0.1620082213948076,675.8730632823232,13517.461265646463,33117.780100833836,0.15,71613.02971972279
25,Natural water; water treatment and supply services,I,From 50 to 249 persons employed,2.851516217435644e-09,0.20467371416954666,3.0,50,249,0.12045122161354782,675.8730632823232,33793.65316411616,168292.39275729845,0.15,71613.02971972279
25,Natural water; water treatment and supply services,I,250 persons employed or more,0.0,0.20467371416954666,3.0,250,1850,0.0,675.8730632823232,168968.26582058077,1250365.1670722978,0.15,71613.02971972279
25,Natural water; water treatment and supply services,Int,From 0 to 9 persons employed,0.00022461051034049353,0.20467371416954666,3.0,0,9,9487.798172890965,675.8730632823232,675.8730632823232,6082.857569540908,0.15,71613.02971972279
25,Natural water; water treatment and supply services,Int,From 10 to 19 persons employed,1.5468985759168315e-05,0.20467371416954666,3.0,10,19,653.4271909174054,675.8730632823232,6758.730632823232,12841.58820236414,0.15,71613.02971972279
25,Natural water; water treatment and supply services,Int,From 20 to 49 persons employed,1.2678053158511067e-05,0.20467371416954666,3.0,20,49,535.5350887667261,675.8730632823232,13517.461265646463,33117.780100833836,0.15,71613.02971972279
25,Natural water; water treatment and supply services,Int,From 50 to 249 persons employed,9.425984542492484e-06,0.20467371416954666,3.0,50,249,398.1640876216629,675.8730632823232,33793.65316411616,168292.39275729845,0.15,71613.02971972279
25,Natural water; water treatment and supply services,Int,250 persons employed or more,0.0,0.20467371416954666,3.0,250,1850,0.0,675.8730632823232,168968.26582058077,1250365.1670722978,0.15,71613.02971972279
26,"Sewerage services; sewage sludge; waste collection, treatment and disposal services; materials recovery services; remediation services and other waste management services",C,From 0 to 9 persons employed,0.00037167143079550974,0.7953262858304534,3.0,0,9,15699.815278776237,575.3693552809323,575.3693552809323,5178.324197528391,0.15,60964.02561073749
26,"Sewerage services; sewage sludge; waste collection, treatment and disposal services; materials recovery services; remediation services and other waste management services",C,From 10 to 19 persons employed,2.5597110577549568e-05,0.7953262858304534,3.0,10,19,1081.2504659768772,575.3693552809323,5753.693552809324,10932.017750337714,0.15,60964.02561073749
26,"Sewerage services; sewage sludge; waste collection, treatment and disposal services; materials recovery services; remediation services and other waste management services",C,From 20 to 49 persons employed,2.0978849787492925e-05,0.7953262858304534,3.0,20,49,886.1699854623644,575.3693552809323,11507.387105618647,28193.098408765683,0.15,60964.02561073749
26,"Sewerage services; sewage sludge; waste collection, treatment and disposal services; materials recovery services; remediation services and other waste management services",C,From 50 to 249 persons employed,1.559752994752419e-05,0.7953262858304534,3.0,50,249,658.8570406317833,575.3693552809323,28768.467764046618,143266.96946495216,0.15,60964.02561073749
26,"Sewerage services; sewage sludge; waste collection, treatment and disposal services; materials recovery services; remediation services and other waste management services",C,250 persons employed or more,0.0,0.7953262858304534,3.0,250,1850,0.0,575.3693552809323,143842.33882023307,1064433.3072697248,0.15,60964.02561073749
26,"Sewerage services; sewage sludge; waste collection, treatment and disposal services; materials recovery services; remediation services and other waste management services",I,From 0 to 9 persons employed,2.8879818643318845e-07,0.7953262858304534,3.0,0,9,12.199157116117567,575.3693552809323,575.3693552809323,5178.324197528391,0.15,60964.02561073749
26,"Sewerage services; sewage sludge; waste collection, treatment and disposal services; materials recovery services; remediation services and other waste management services",I,From 10 to 19 persons employed,1.988960813292462e-08,0.7953262858304534,3.0,10,19,0.840159204558196,575.3693552809323,5753.693552809324,10932.017750337714,0.15,60964.02561073749
26,"Sewerage services; sewage sludge; waste collection, treatment and disposal services; materials recovery services; remediation services and other waste management services",I,From 20 to 49 persons employed,1.6301101645382196e-08,0.7953262858304534,3.0,20,49,0.6885766929281769,575.3693552809323,11507.387105618647,28193.098408765683,0.15,60964.02561073749
26,"Sewerage services; sewage sludge; waste collection, treatment and disposal services; materials recovery services; remediation services and other waste management services",I,From 50 to 249 persons employed,1.2119678803509352e-08,0.7953262858304534,3.0,50,249,0.5119487339824221,575.3693552809323,28768.467764046618,143266.96946495216,0.15,60964.02561073749
26,"Sewerage services; sewage sludge; waste collection, treatment and disposal services; materials recovery services; remediation services and other waste management services",I,250 persons employed or more,0.0,0.7953262858304534,3.0,250,1850,0.0,575.3693552809323,143842.33882023307,1064433.3072697248,0.15,60964.02561073749
26,"Sewerage services; sewage sludge; waste collection, treatment and disposal services; materials recovery services; remediation services and other waste management services",Int,From 0 to 9 persons employed,0.0012947871322567686,0.7953262858304534,3.0,0,9,54693.25085939124,575.3693552809323,575.3693552809323,5178.324197528391,0.15,60964.02561073749
26,"Sewerage services; sewage sludge; waste collection, treatment and disposal services; materials recovery services; remediation services and other waste management services",Int,From 10 to 19 persons employed,8.917233516664798e-05,0.7953262858304534,3.0,10,19,3766.7387754205865,575.3693552809323,5753.693552809324,10932.017750337714,0.15,60964.02561073749
26,"Sewerage services; sewage sludge; waste collection, treatment and disposal services; materials recovery services; remediation services and other waste management services",Int,From 20 to 49 persons employed,7.308375759808776e-05,0.7953262858304534,3.0,20,49,3087.1393362491913,575.3693552809323,11507.387105618647,28193.098408765683,0.15,60964.02561073749
26,"Sewerage services; sewage sludge; waste collection, treatment and disposal services; materials recovery services; remediation services and other waste management services",Int,From 50 to 249 persons employed,5.433692072543312e-05,0.7953262858304534,3.0,50,249,2295.252062771983,575.3693552809323,28768.467764046618,143266.96946495216,0.15,60964.02561073749
26,"Sewerage services; sewage sludge; waste collection, treatment and disposal services; materials recovery services; remediation services and other waste management services",Int,250 persons employed or more,0.0,0.7953262858304534,3.0,250,1850,0.0,575.3693552809323,143842.33882023307,1064433.3072697248,0.15,60964.02561073749
27,Constructions and construction works,C,From 0 to 9 persons employed,0.0030333035636913876,1.0,4.0,0,9,128130.12163049416,47.381846972283086,47.381846972283086,426.4366227505477,0.15,36063.991329901204
27,Constructions and construction works,C,From 10 to 19 persons employed,0.0001077254953880392,1.0,4.0,10,19,4550.444931392638,47.381846972283086,473.81846972283086,900.2550924733787,0.15,36063.991329901204
27,Constructions and construction works,C,From 20 to 49 persons employed,4.424598507099623e-05,1.0,4.0,20,49,1868.99969942625,47.381846972283086,947.6369394456617,2321.7105016418714,0.15,36063.991329901204
27,Constructions and construction works,C,From 50 to 249 persons employed,1.2529744182489577e-05,1.0,4.0,50,249,529.2703524033791,47.381846972283086,2369.092348614154,11798.079896098488,0.15,36063.991329901204
27,Constructions and construction works,C,250 persons employed or more,1.2151080299409213e-06,1.0,4.0,250,1850,51.32751681504987,47.381846972283086,11845.46174307077,87656.4168987237,0.15,36063.991329901204
27,Constructions and construction works,I,From 0 to 9 persons employed,0.060737044534828574,1.0,4.0,0,9,2565600.4222187707,47.381846972283086,47.381846972283086,426.4366227505477,0.15,36063.991329901204
27,Constructions and construction works,I,From 10 to 19 persons employed,0.0021570304697619423,1.0,4.0,10,19,91115.36997468775,47.381846972283086,473.81846972283086,900.2550924733787,0.15,36063.991329901204
27,Constructions and construction works,I,From 20 to 49 persons employed,0.000885954969331871,1.0,4.0,20,49,37423.72485841406,47.381846972283086,947.6369394456617,2321.7105016418714,0.15,36063.991329901204
27,Constructions and construction works,I,From 50 to 249 persons employed,0.0002508880547042096,1.0,4.0,50,249,10597.790919998753,47.381846972283086,2369.092348614154,11798.079896098488,0.15,36063.991329901204
27,Constructions and construction works,I,250 persons employed or more,2.4330591706204276e-05,1.0,4.0,250,1850,1027.7512979492294,47.381846972283086,11845.46174307077,87656.4168987237,0.15,36063.991329901204
27,Constructions and construction works,Int,From 0 to 9 persons employed,0.037320455830680395,1.0,4.0,0,9,1576457.6292757352,47.381846972283086,47.381846972283086,426.4366227505477,0.15,36063.991329901204
27,Constructions and construction works,Int,From 10 to 19 persons employed,0.0013254079283693213,1.0,4.0,10,19,55986.70739875233,47.381846972283086,473.81846972283086,900.2550924733787,0.15,36063.991329901204
27,Constructions and construction works,Int,From 20 to 49 persons employed,0.0005443834739433493,1.0,4.0,20,49,22995.364382557047,47.381846972283086,947.6369394456617,2321.7105016418714,0.15,36063.991329901204
27,Constructions and construction works,Int,From 50 to 249 persons employed,0.00015416055614402818,1.0,4.0,50,249,6511.913626383295,47.381846972283086,2369.092348614154,11798.079896098488,0.15,36063.991329901204
27,Constructions and construction works,Int,250 persons employed or more,1.4950163941299822e-05,1.0,4.0,250,1850,631.5115793631351,47.381846972283086,11845.46174307077,87656.4168987237,0.15,36063.991329901204
28,Wholesale and retail trade and repair services of motor vehicles and motorcycles,C,From 0 to 9 persons employed,0.008498173842553455,0.1277633364374116,5.0,0,9,358972.3300751186,97.72028963321323,97.72028963321323,879.4826066989191,0.15,27851.299523462323
28,Wholesale and retail trade and repair services of motor vehicles and motorcycles,C,From 10 to 19 persons employed,0.00027666721435272033,0.1277633364374116,5.0,10,19,11686.731341535697,97.72028963321323,977.2028963321324,1856.6855030310512,0.15,27851.299523462323
28,Wholesale and retail trade and repair services of motor vehicles and motorcycles,C,From 20 to 49 persons employed,0.00013071787388884895,0.1277633364374116,5.0,20,49,5521.668612776492,97.72028963321323,1954.4057926642647,4788.294192027449,0.15,27851.299523462323
28,Wholesale and retail trade and repair services of motor vehicles and motorcycles,C,From 50 to 249 persons employed,5.212318635508105e-05,0.1277633364374116,5.0,50,249,2201.741456868223,97.72028963321323,4886.014481660661,24332.352118670093,0.15,27851.299523462323
28,Wholesale and retail trade and repair services of motor vehicles and motorcycles,C,250 persons employed or more,1.1992718769550938e-05,0.1277633364374116,5.0,250,1850,506.5858007145409,97.72028963321323,24430.07240830331,180782.53582144447,0.15,27851.299523462323
28,Wholesale and retail trade and repair services of motor vehicles and motorcycles,I,From 0 to 9 persons employed,0.001626429395948806,0.1277633364374116,5.0,0,9,68702.18952722466,97.72028963321323,97.72028963321323,879.4826066989191,0.15,27851.299523462323
28,Wholesale and retail trade and repair services of motor vehicles and motorcycles,I,From 10 to 19 persons employed,5.295016301800292e-05,0.1277633364374116,5.0,10,19,2236.673872362045,97.72028963321323,977.2028963321324,1856.6855030310512,0.15,27851.299523462323
28,Wholesale and retail trade and repair services of motor vehicles and motorcycles,I,From 20 to 49 persons employed,2.5017538662738354e-05,0.1277633364374116,5.0,20,49,1056.7687026521385,97.72028963321323,1954.4057926642647,4788.294192027449,0.15,27851.299523462323
28,Wholesale and retail trade and repair services of motor vehicles and motorcycles,I,From 50 to 249 persons employed,9.97563524458911e-06,0.1277633364374116,5.0,50,249,421.3819455891065,97.72028963321323,4886.014481660661,24332.352118670093,0.15,27851.299523462323
28,Wholesale and retail trade and repair services of motor vehicles and motorcycles,I,250 persons employed or more,2.2952355065360557e-06,0.1277633364374116,5.0,250,1850,96.95330468843727,97.72028963321323,24430.07240830331,180782.53582144447,0.15,27851.299523462323
28,Wholesale and retail trade and repair services of motor vehicles and motorcycles,Int,From 0 to 9 persons employed,0.010175774537478937,0.1277633364374116,5.0,0,9,429836.052275945,97.72028963321323,97.72028963321323,879.4826066989191,0.15,27851.299523462323
28,Wholesale and retail trade and repair services of motor vehicles and motorcycles,Int,From 10 to 19 persons employed,0.00033128331419491426,0.1277633364374116,5.0,10,19,13993.77624120519,97.72028963321323,977.2028963321324,1856.6855030310512,0.15,27851.299523462323
28,Wholesale and retail trade and repair services of motor vehicles and motorcycles,Int,From 20 to 49 persons employed,0.00015652252323328076,0.1277633364374116,5.0,20,49,6611.685747464661,97.72028963321323,1954.4057926642647,4788.294192027449,0.15,27851.299523462323
28,Wholesale and retail trade and repair services of motor vehicles and motorcycles,Int,From 50 to 249 persons employed,6.241267857671116e-05,0.1277633364374116,5.0,50,249,2636.3810708042142,97.72028963321323,4886.014481660661,24332.352118670093,0.15,27851.299523462323
28,Wholesale and retail trade and repair services of motor vehicles and motorcycles,Int,250 persons employed or more,1.4360167790316007e-05,0.1277633364374116,5.0,250,1850,606.5894846898666,97.72028963321323,24430.07240830331,180782.53582144447,0.15,27851.299523462323
29,"Wholesale trade services, except of motor vehicles and motorcycles",C,From 0 to 9 persons employed,0.015375568124021232,0.4823058606794672,5.0,0,9,649481.125941547,101.00191833523172,101.00191833523172,909.0172650170856,0.15,28786.597855546304
29,"Wholesale trade services, except of motor vehicles and motorcycles",C,From 10 to 19 persons employed,0.0005005682021545064,0.4823058606794672,5.0,10,19,21144.558491983553,101.00191833523172,1010.0191833523173,1919.0364483694027,0.15,28786.597855546304
29,"Wholesale trade services, except of motor vehicles and motorcycles",C,From 20 to 49 persons employed,0.0002365051141859565,0.4823058606794672,5.0,20,49,9990.239489912006,101.00191833523172,2020.0383667046347,4949.093998426355,0.15,28786.597855546304
29,"Wholesale trade services, except of motor vehicles and motorcycles",C,From 50 to 249 persons employed,9.430539048643397e-05,0.4823058606794672,5.0,50,249,3983.5647503519726,101.00191833523172,5050.095916761586,25149.4776654727,0.15,28786.597855546304
29,"Wholesale trade services, except of motor vehicles and motorcycles",C,250 persons employed or more,2.169817514324386e-05,0.4823058606794672,5.0,250,1850,916.5550898177302,101.00191833523172,25250.479583807934,186853.5489201787,0.15,28786.597855546304
29,"Wholesale trade services, except of motor vehicles and motorcycles",I,From 0 to 9 persons employed,0.004850865660758993,0.4823058606794672,5.0,0,9,204905.96937480595,101.00191833523172,101.00191833523172,909.0172650170856,0.15,28786.597855546304
29,"Wholesale trade services, except of motor vehicles and motorcycles",I,From 10 to 19 persons employed,0.0001579251630322267,0.4823058606794672,5.0,10,19,6670.934815112873,101.00191833523172,1010.0191833523173,1919.0364483694027,0.15,28786.597855546304
29,"Wholesale trade services, except of motor vehicles and motorcycles",I,From 20 to 49 persons employed,7.46154241420313e-05,0.4823058606794672,5.0,20,49,3151.838637341896,101.00191833523172,2020.0383667046347,4949.093998426355,0.15,28786.597855546304
29,"Wholesale trade services, except of motor vehicles and motorcycles",I,From 50 to 249 persons employed,2.975257737763958e-05,0.4823058606794672,5.0,50,249,1256.7820128026947,101.00191833523172,5050.095916761586,25149.4776654727,0.15,28786.597855546304
29,"Wholesale trade services, except of motor vehicles and motorcycles",I,250 persons employed or more,6.845596328831343e-06,0.4823058606794672,5.0,250,1850,289.16561492414627,101.00191833523172,25250.479583807934,186853.5489201787,0.15,28786.597855546304
29,"Wholesale trade services, except of motor vehicles and motorcycles",Int,From 0 to 9 persons employed,0.056407375634867515,0.4823058606794672,5.0,0,9,2382710.3846332612,101.00191833523172,101.00191833523172,909.0172650170856,0.15,28786.597855546304
29,"Wholesale trade services, except of motor vehicles and motorcycles",Int,From 10 to 19 persons employed,0.0018364029466779105,0.4823058606794672,5.0,10,19,77571.70622055753,101.00191833523172,1010.0191833523173,1919.0364483694027,0.15,28786.597855546304
29,"Wholesale trade services, except of motor vehicles and motorcycles",Int,From 20 to 49 persons employed,0.0008676513744303488,0.4823058606794672,5.0,20,49,36650.56061956905,101.00191833523172,2020.0383667046347,4949.093998426355,0.15,28786.597855546304
29,"Wholesale trade services, except of motor vehicles and motorcycles",Int,From 50 to 249 persons employed,0.00034597222962125625,0.4823058606794672,5.0,50,249,14614.252392265662,101.00191833523172,5050.095916761586,25149.4776654727,0.15,28786.597855546304
29,"Wholesale trade services, except of motor vehicles and motorcycles",Int,250 persons employed or more,7.960272466185792e-05,0.4823058606794672,5.0,250,1850,3362.5077671521517,101.00191833523172,25250.479583807934,186853.5489201787,0.15,28786.597855546304
30,"Retail trade services, except of motor vehicles and motorcycles",C,From 0 to 9 persons employed,0.04302629233440235,0.3899308028831212,5.0,0,9,1817478.5194948157,92.94467910766097,92.94467910766097,836.5021119689488,0.15,26490.200823757397
30,"Retail trade services, except of motor vehicles and motorcycles",C,From 10 to 19 persons employed,0.0014007673489188242,0.3899308028831212,5.0,10,19,59169.97327315783,92.94467910766097,929.4467910766098,1765.9489030455584,0.15,26490.200823757397
30,"Retail trade services, except of motor vehicles and motorcycles",C,From 20 to 49 persons employed,0.0006618251826186712,0.3899308028831212,5.0,20,49,27956.23298706611,92.94467910766097,1858.8935821532195,4554.289276275388,0.15,26490.200823757397
30,"Retail trade services, except of motor vehicles and motorcycles",C,From 50 to 249 persons employed,0.00026389992662710605,0.3899308028831212,5.0,50,249,11147.426885247221,92.94467910766097,4647.233955383048,23143.225097807583,0.15,26490.200823757397
30,"Retail trade services, except of motor vehicles and motorcycles",C,250 persons employed or more,6.0719188995541764e-05,0.3899308028831212,5.0,250,1850,2564.846184348225,92.94467910766097,23236.169776915245,171947.65634917282,0.15,26490.200823757397
30,"Retail trade services, except of motor vehicles and motorcycles",I,From 0 to 9 persons employed,0.001785865242980248,0.3899308028831212,5.0,0,9,75436.93731736636,92.94467910766097,92.94467910766097,836.5021119689488,0.15,26490.200823757397
30,"Retail trade services, except of motor vehicles and motorcycles",I,From 10 to 19 persons employed,5.8140768962691566e-05,0.3899308028831212,5.0,10,19,2455.9308498007163,92.94467910766097,929.4467910766098,1765.9489030455584,0.15,26490.200823757397
30,"Retail trade services, except of motor vehicles and motorcycles",I,From 20 to 49 persons employed,2.7469961422232727e-05,0.3899308028831212,5.0,20,49,1160.3617720121347,92.94467910766097,1858.8935821532195,4554.289276275388,0.15,26490.200823757397
30,"Retail trade services, except of motor vehicles and motorcycles",I,From 50 to 249 persons employed,1.0953528203766685e-05,0.3899308028831212,5.0,50,249,462.6892335575238,92.94467910766097,4647.233955383048,23143.225097807583,0.15,26490.200823757397
30,"Retail trade services, except of motor vehicles and motorcycles",I,250 persons employed or more,2.520233171994345e-06,0.3899308028831212,5.0,250,1850,106.45745672479472,92.94467910766097,23236.169776915245,171947.65634917282,0.15,26490.200823757397
30,"Retail trade services, except of motor vehicles and motorcycles",Int,From 0 to 9 persons employed,0.017144134624619844,0.3899308028831212,5.0,0,9,724187.3451099141,92.94467910766097,92.94467910766097,836.5021119689488,0.15,26490.200823757397
30,"Retail trade services, except of motor vehicles and motorcycles",Int,From 10 to 19 persons employed,0.0005581457919030275,0.3899308028831212,5.0,10,19,23576.700024396065,92.94467910766097,929.4467910766098,1765.9489030455584,0.15,26490.200823757397
30,"Retail trade services, except of motor vehicles and motorcycles",Int,From 20 to 49 persons employed,0.0002637089884620596,0.3899308028831212,5.0,20,49,11139.361444450544,92.94467910766097,1858.8935821532195,4554.289276275388,0.15,26490.200823757397
30,"Retail trade services, except of motor vehicles and motorcycles",Int,From 50 to 249 persons employed,0.00010515281759253287,0.3899308028831212,5.0,50,249,4441.772155347387,92.94467910766097,4647.233955383048,23143.225097807583,0.15,26490.200823757397
30,"Retail trade services, except of motor vehicles and motorcycles",Int,250 persons employed or more,2.4193996134892932e-05,0.3899308028831212,5.0,250,1850,1021.9813488495718,92.94467910766097,23236.169776915245,171947.65634917282,0.15,26490.200823757397
31,Land transport services and transport services via pipelines,C,From 0 to 9 persons employed,0.00313064472884523,0.4398883062180041,6.0,0,9,132241.92088465043,97.25236792638461,97.25236792638461,875.2713113374615,0.15,38033.678227620854
31,Land transport services and transport services via pipelines,C,From 10 to 19 persons employed,0.00013178217561844906,0.4398883062180041,6.0,10,19,5566.625903466927,97.25236792638461,972.5236792638461,1847.7949906013075,0.15,38033.678227620854
31,Land transport services and transport services via pipelines,C,From 20 to 49 persons employed,8.071677542046332e-05,0.4398883062180041,6.0,20,49,3409.5665122481887,97.25236792638461,1945.0473585276923,4765.366028392846,0.15,38033.678227620854
31,Land transport services and transport services via pipelines,C,From 50 to 249 persons employed,3.582358983287327e-05,0.4398883062180041,6.0,50,249,1513.2283420196409,97.25236792638461,4862.61839631923,24215.839613669767,0.15,38033.678227620854
31,Land transport services and transport services via pipelines,C,250 persons employed or more,1.0436896910636577e-05,0.4398883062180041,6.0,250,1850,440.8661522084475,97.25236792638461,24313.091981596153,179916.88066381152,0.15,38033.678227620854
31,Land transport services and transport services via pipelines,I,From 0 to 9 persons employed,0.00033986192105275734,0.4398883062180041,6.0,0,9,14356.146151448524,97.25236792638461,97.25236792638461,875.2713113374615,0.15,38033.678227620854
31,Land transport services and transport services via pipelines,I,From 10 to 19 persons employed,1.4306236333216369e-05,0.4398883062180041,6.0,10,19,604.3113598623346,97.25236792638461,972.5236792638461,1847.7949906013075,0.15,38033.678227620854
31,Land transport services and transport services via pipelines,I,From 20 to 49 persons employed,8.762590690289352e-06,0.4398883062180041,6.0,20,49,370.1415922838512,97.25236792638461,1945.0473585276923,4765.366028392846,0.15,38033.678227620854
31,Land transport services and transport services via pipelines,I,From 50 to 249 persons employed,3.888998948819478e-06,0.4398883062180041,6.0,50,249,164.27564794296373,97.25236792638461,4862.61839631923,24215.839613669767,0.15,38033.678227620854
31,Land transport services and transport services via pipelines,I,250 persons employed or more,1.1330266258563682e-06,0.4398883062180041,6.0,250,1850,47.8603068678342,97.25236792638461,24313.091981596153,179916.88066381152,0.15,38033.678227620854
31,Land transport services and transport services via pipelines,Int,From 0 to 9 persons employed,0.011202678855012879,0.4398883062180041,6.0,0,9,473213.6346199885,97.25236792638461,97.25236792638461,875.2713113374615,0.15,38033.678227620854
31,Land transport services and transport services via pipelines,Int,From 10 to 19 persons employed,0.00047156848513211716,0.4398883062180041,6.0,10,19,19919.578139273064,97.25236792638461,972.5236792638461,1847.7949906013075,0.15,38033.678227620854
31,Land transport services and transport services via pipelines,Int,From 20 to 49 persons employed,0.00028883638725151265,0.4398883062180041,6.0,20,49,12200.770761239293,97.25236792638461,1945.0473585276923,4765.366028392846,0.15,38033.678227620854
31,Land transport services and transport services via pipelines,Int,From 50 to 249 persons employed,0.00012819090222333045,0.4398883062180041,6.0,50,249,5414.926514578555,97.25236792638461,4862.61839631923,24215.839613669767,0.15,38033.678227620854
31,Land transport services and transport services via pipelines,Int,250 persons employed or more,3.7347324420252943e-05,0.4398883062180041,6.0,250,1850,1577.5925884308886,97.25236792638461,24313.091981596153,179916.88066381152,0.15,38033.678227620854
32,Water transport services,C,From 0 to 9 persons employed,0.0003122157000539208,0.04285654993554425,6.0,0,9,13188.338978567474,160.88292733514555,160.88292733514555,1447.9463460163101,0.15,62918.46276909578
32,Water transport services,C,From 10 to 19 persons employed,1.3142489096972482e-05,0.04285654993554425,6.0,10,19,555.1533801889717,160.88292733514555,1608.8292733514556,3056.7756193677656,0.15,62918.46276909578
32,Water transport services,C,From 20 to 49 persons employed,8.049793805025817e-06,0.04285654993554425,6.0,20,49,340.03225779458927,160.88292733514555,3217.6585467029113,7883.263439422133,0.15,62918.46276909578
32,Water transport services,C,From 50 to 249 persons employed,3.5726465782147797e-06,0.04285654993554425,6.0,50,249,150.91257139208042,160.88292733514555,8044.146366757278,40059.84890645125,0.15,62918.46276909578
32,Water transport services,C,250 persons employed or more,1.040860064804273e-06,0.04285654993554425,6.0,250,1850,43.967088655444684,160.88292733514555,40220.73183378639,297633.4155700193,0.15,62918.46276909578
32,Water transport services,I,From 0 to 9 persons employed,2.635894581666559e-05,0.04285654993554425,6.0,0,9,1113.4312351615943,160.88292733514555,160.88292733514555,1447.9463460163101,0.15,62918.46276909578
32,Water transport services,I,From 10 to 19 persons employed,1.1095603390328788e-06,0.04285654993554425,6.0,10,19,46.86906477096648,160.88292733514555,1608.8292733514556,3056.7756193677656,0.15,62918.46276909578
32,Water transport services,I,From 20 to 49 persons employed,6.796073314229902e-07,0.04285654993554425,6.0,20,49,28.707370761874312,160.88292733514555,3217.6585467029113,7883.263439422133,0.15,62918.46276909578
32,Water transport services,I,From 50 to 249 persons employed,3.016222360406456e-07,0.04285654993554425,6.0,50,249,12.74085925752782,160.88292733514555,8044.146366757278,40059.84890645125,0.15,62918.46276909578
32,Water transport services,I,250 persons employed or more,8.787506216429404e-08,0.04285654993554425,6.0,250,1850,3.7119405186390315,160.88292733514555,40220.73183378639,297633.4155700193,0.15,62918.46276909578
32,Water transport services,Int,From 0 to 9 persons employed,0.0010909748520718952,0.04285654993554425,6.0,0,9,46083.99309750206,160.88292733514555,160.88292733514555,1447.9463460163101,0.15,62918.46276909578
32,Water transport services,Int,From 10 to 19 persons employed,4.5923779925064e-05,0.04285654993554425,6.0,10,19,1939.8716231255398,160.88292733514555,1608.8292733514556,3056.7756193677656,0.15,62918.46276909578
32,Water transport services,Int,From 20 to 49 persons employed,2.812838241039959e-05,0.04285654993554425,6.0,20,49,1188.1742080332838,160.88292733514555,3217.6585467029113,7883.263439422133,0.15,62918.46276909578
32,Water transport services,Int,From 50 to 249 persons employed,1.2483893575819188e-05,0.04285654993554425,6.0,50,249,527.3335717000459,160.88292733514555,8044.146366757278,40059.84890645125,0.15,62918.46276909578
32,Water transport services,Int,250 persons employed or more,3.6370757621454375e-06,0.04285654993554425,6.0,250,1850,153.6341318954223,160.88292733514555,40220.73183378639,297633.4155700193,0.15,62918.46276909578
33,Air transport services,C,From 0 to 9 persons employed,0.0007854359515248134,0.06137227433873126,6.0,0,9,33177.689568058115,57.988461818794484,57.988461818794484,521.8961563691504,0.15,22678.26012627452
33,Air transport services,C,From 10 to 19 persons employed,3.306234576769303e-05,0.06137227433873126,6.0,10,19,1396.5903166805388,57.988461818794484,579.8846181879449,1101.7807745570951,0.15,22678.26012627452
33,Air transport services,C,From 20 to 49 persons employed,2.0250735167184305e-05,0.06137227433873126,6.0,20,49,855.4136127808413,57.988461818794484,1159.7692363758897,2841.43462912093,0.15,22678.26012627452
33,Air transport services,C,From 50 to 249 persons employed,8.987648808619723e-06,0.06137227433873126,6.0,50,249,379.6482979168699,57.988461818794484,2899.423090939724,14439.126992879827,0.15,22678.26012627452
33,Air transport services,C,250 persons employed or more,2.6184747123944533e-06,0.06137227433873126,6.0,250,1850,110.60728883237131,57.988461818794484,14497.115454698622,107278.6543647698,0.15,22678.26012627452
33,Air transport services,I,From 0 to 9 persons employed,3.54303314507806e-05,0.06137227433873126,6.0,0,9,1496.6166698702086,57.988461818794484,57.988461818794484,521.8961563691504,0.15,22678.26012627452
33,Air transport services,I,From 10 to 19 persons employed,1.4914136115307044e-06,0.06137227433873126,6.0,10,19,62.9989723858202,57.988461818794484,579.8846181879449,1101.7807745570951,0.15,22678.26012627452
33,Air transport services,I,From 20 to 49 persons employed,9.134930196439474e-07,0.06137227433873126,6.0,20,49,38.58696278098422,57.988461818794484,1159.7692363758897,2841.43462912093,0.15,22678.26012627452
33,Air transport services,I,From 50 to 249 persons employed,4.0542500713700805e-07,0.06137227433873126,6.0,50,249,17.12560394492517,57.988461818794484,2899.423090939724,14439.126992879827,0.15,22678.26012627452
33,Air transport services,I,250 persons employed or more,1.1811711289191221e-07,0.06137227433873126,6.0,250,1850,4.989398431018134,57.988461818794484,14497.115454698622,107278.6543647698,0.15,22678.26012627452
33,Air transport services,Int,From 0 to 9 persons employed,0.0012263051319066941,0.06137227433873126,6.0,0,9,51800.494875655706,57.988461818794484,57.988461818794484,521.8961563691504,0.15,22678.26012627452
33,Air transport services,Int,From 10 to 19 persons employed,5.162040801555371e-05,0.06137227433873126,6.0,10,19,2180.503539711518,57.988461818794484,579.8846181879449,1101.7807745570951,0.15,22678.26012627452
33,Air transport services,Int,From 20 to 49 persons employed,3.1617575452448516e-05,0.06137227433873126,6.0,20,49,1335.5616090904794,57.988461818794484,1159.7692363758897,2841.43462912093,0.15,22678.26012627452
33,Air transport services,Int,From 50 to 249 persons employed,1.403246163660903e-05,0.06137227433873126,6.0,50,249,592.7468116926286,57.988461818794484,2899.423090939724,14439.126992879827,0.15,22678.26012627452
33,Air transport services,Int,250 persons employed or more,4.088237839563395e-06,0.06137227433873126,6.0,250,1850,172.6917206401111,57.988461818794484,14497.115454698622,107278.6543647698,0.15,22678.26012627452
34,Warehousing and support services for transportation,C,From 0 to 9 persons employed,0.001340556185971141,0.3417841104735874,6.0,0,9,56626.586675012164,106.50242903626328,106.50242903626328,958.5218613263695,0.15,41651.21325880139
34,Warehousing and support services for transportation,C,From 10 to 19 persons employed,5.642972167947351e-05,0.3417841104735874,6.0,10,19,2383.654306450912,106.50242903626328,1065.0242903626327,2023.546151689002,0.15,41651.21325880139
34,Warehousing and support services for transportation,C,From 20 to 49 persons employed,3.4563287109699636e-05,0.3417841104735874,6.0,20,49,1459.9917510155528,106.50242903626328,2130.0485807252653,5218.6190227769,0.15,41651.21325880139
34,Warehousing and support services for transportation,C,From 50 to 249 persons employed,1.5339822660703217e-05,0.3417841104735874,6.0,50,249,647.971197750548,106.50242903626328,5325.121451813163,26519.104830029555,0.15,41651.21325880139
34,Warehousing and support services for transportation,C,250 persons employed or more,4.4691263071098356e-06,0.3417841104735874,6.0,250,1850,188.78087381902557,106.50242903626328,26625.60725906582,197029.49371708705,0.15,41651.21325880139
34,Warehousing and support services for transportation,I,From 0 to 9 persons employed,7.946566534766313e-06,0.3417841104735874,6.0,0,9,335.6718229036488,106.50242903626328,106.50242903626328,958.5218613263695,0.15,41651.21325880139
34,Warehousing and support services for transportation,I,From 10 to 19 persons employed,3.3450484400206616e-07,0.3417841104735874,6.0,10,19,14.129857249043493,106.50242903626328,1065.0242903626327,2023.546151689002,0.15,41651.21325880139
34,Warehousing and support services for transportation,I,From 20 to 49 persons employed,2.0488470647613108e-07,0.3417841104735874,6.0,20,49,8.654558243114792,106.50242903626328,2130.0485807252653,5218.6190227769,0.15,41651.21325880139
34,Warehousing and support services for transportation,I,From 50 to 249 persons employed,9.093160188320397e-08,0.3417841104735874,6.0,50,249,3.8410521613510338,106.50242903626328,5325.121451813163,26519.104830029555,0.15,41651.21325880139
34,Warehousing and support services for transportation,I,250 persons employed or more,2.6492145516448584e-08,0.3417841104735874,6.0,250,1850,1.1190577388648935,106.50242903626328,26625.60725906582,197029.49371708705,0.15,41651.21325880139
34,Warehousing and support services for transportation,Int,From 0 to 9 persons employed,0.010052258724259706,0.3417841104735874,6.0,0,9,424618.60672894877,106.50242903626328,106.50242903626328,958.5218613263695,0.15,41651.21325880139
34,Warehousing and support services for transportation,Int,From 10 to 19 persons employed,0.00042314240014423843,0.3417841104735874,6.0,10,19,17874.00636272639,106.50242903626328,1065.0242903626327,2023.546151689002,0.15,41651.21325880139
34,Warehousing and support services for transportation,Int,From 20 to 49 persons employed,0.00025917533932818745,0.3417841104735874,6.0,20,49,10947.85505455065,106.50242903626328,2130.0485807252653,5218.6190227769,0.15,41651.21325880139
34,Warehousing and support services for transportation,Int,From 50 to 249 persons employed,0.00011502678349728657,0.3417841104735874,6.0,50,249,4858.859474762201,106.50242903626328,5325.121451813163,26519.104830029555,0.15,41651.21325880139
34,Warehousing and support services for transportation,Int,250 persons employed or more,3.351207087073226e-05,0.3417841104735874,6.0,250,1850,1415.5872060266806,106.50242903626328,26625.60725906582,197029.49371708705,0.15,41651.21325880139
35,Postal and courier services,C,From 0 to 9 persons employed,0.0002602735329781519,0.11409875903413289,6.0,0,9,10994.243977712873,71.49385271059403,71.49385271059403,643.4446743953463,0.15,27959.979250129287
35,Postal and courier services,C,From 10 to 19 persons employed,1.095602197072444e-05,0.11409875903413289,6.0,10,19,462.7945730518758,71.49385271059403,714.9385271059404,1358.3832015012865,0.15,27959.979250129287
35,Postal and courier services,C,From 20 to 49 persons employed,6.710579490454419e-06,0.11409875903413289,6.0,20,49,283.46235326234705,71.49385271059403,1429.8770542118807,3503.1987828191077,0.15,27959.979250129287
35,Postal and courier services,C,From 50 to 249 persons employed,2.978278628632945e-06,0.11409875903413289,6.0,50,249,125.80580707584788,71.49385271059403,3574.692635529701,17801.969324937912,0.15,27959.979250129287
35,Postal and courier services,C,250 persons employed or more,8.6769603948709e-07,0.11409875903413289,6.0,250,1850,36.65244732132267,71.49385271059403,17873.463177648508,132263.62751459895,0.15,27959.979250129287
35,Postal and courier services,I,From 0 to 9 persons employed,0.0,0.11409875903413289,6.0,0,9,0.0,71.49385271059403,71.49385271059403,643.4446743953463,0.15,27959.979250129287
35,Postal and courier services,I,From 10 to 19 persons employed,0.0,0.11409875903413289,6.0,10,19,0.0,71.49385271059403,714.9385271059404,1358.3832015012865,0.15,27959.979250129287
35,Postal and courier services,I,From 20 to 49 persons employed,0.0,0.11409875903413289,6.0,20,49,0.0,71.49385271059403,1429.8770542118807,3503.1987828191077,0.15,27959.979250129287
35,Postal and courier services,I,From 50 to 249 persons employed,0.0,0.11409875903413289,6.0,50,249,0.0,71.49385271059403,3574.692635529701,17801.969324937912,0.15,27959.979250129287
35,Postal and courier services,I,250 persons employed or more,0.0,0.11409875903413289,6.0,250,1850,0.0,71.49385271059403,17873.463177648508,132263.62751459895,0.15,27959.979250129287
35,Postal and courier services,Int,From 0 to 9 persons employed,0.003545675007873133,0.11409875903413289,6.0,0,9,149773.2622145199,71.49385271059403,71.49385271059403,643.4446743953463,0.15,27959.979250129287
35,Postal and courier services,Int,From 10 to 19 persons employed,0.00014925256841450524,0.11409875903413289,6.0,10,19,6304.594757189915,71.49385271059403,714.9385271059404,1358.3832015012865,0.15,27959.979250129287
35,Postal and courier services,Int,From 20 to 49 persons employed,9.141741657476773e-05,0.11409875903413289,6.0,20,49,3861.5735151202534,71.49385271059403,1429.8770542118807,3503.1987828191077,0.15,27959.979250129287
35,Postal and courier services,Int,From 50 to 249 persons employed,4.0572731230850654e-05,0.11409875903413289,6.0,50,249,1713.8373652137227,71.49385271059403,3574.692635529701,17801.969324937912,0.15,27959.979250129287
35,Postal and courier services,Int,250 persons employed or more,1.1820518692148889e-05,0.11409875903413289,6.0,250,1850,499.31187761419216,71.49385271059403,17873.463177648508,132263.62751459895,0.15,27959.979250129287
36,Accommodation and food services,C,From 0 to 9 persons employed,0.050701537691682355,1.0,7.0,0,9,2141689.4336096514,75.10813438386478,75.10813438386478,675.9732094547829,0.15,14406.553242868604
36,Accommodation and food services,C,From 10 to 19 persons employed,0.0024045118514256056,1.0,7.0,10,19,101569.25923042007,75.10813438386478,751.0813438386477,1427.0545532934307,0.15,14406.553242868604
36,Accommodation and food services,C,From 20 to 49 persons employed,0.0008919577897766605,1.0,7.0,20,49,37677.29068114395,75.10813438386478,1502.1626876772955,3680.298584809374,0.15,14406.553242868604
36,Accommodation and food services,C,From 50 to 249 persons employed,0.0002435022900092326,1.0,7.0,50,249,10285.807991541054,75.10813438386478,3755.4067191932386,18701.92546158233,0.15,14406.553242868604
36,Accommodation and food services,C,250 persons employed or more,2.6418448505564587e-05,1.0,7.0,250,1850,1115.9446950266833,75.10813438386478,18777.033595966193,138950.04861014982,0.15,14406.553242868604
36,Accommodation and food services,I,From 0 to 9 persons employed,3.594550312354041e-05,1.0,7.0,0,9,1518.3780952288266,75.10813438386478,75.10813438386478,675.9732094547829,0.15,14406.553242868604
36,Accommodation and food services,I,From 10 to 19 persons employed,1.7047094072688886e-06,1.0,7.0,10,19,72.00882440931755,75.10813438386478,751.0813438386477,1427.0545532934307,0.15,14406.553242868604
36,Accommodation and food services,I,From 20 to 49 persons employed,6.323648744827504e-07,1.0,7.0,20,49,26.71179675262155,75.10813438386478,1502.1626876772955,3680.298584809374,0.15,14406.553242868604
36,Accommodation and food services,I,From 50 to 249 persons employed,1.7263406051592045e-07,1.0,7.0,50,249,7.292255030535895,75.10813438386478,3755.4067191932386,18701.92546158233,0.15,14406.553242868604
36,Accommodation and food services,I,250 persons employed or more,1.872969670171661e-08,1.0,7.0,250,1850,0.7911632535626353,75.10813438386478,18777.033595966193,138950.04861014982,0.15,14406.553242868604
36,Accommodation and food services,Int,From 0 to 9 persons employed,0.019639744545920827,1.0,7.0,0,9,829604.6882951199,75.10813438386478,75.10813438386478,675.9732094547829,0.15,14406.553242868604
36,Accommodation and food services,Int,From 10 to 19 persons employed,0.000931411564020181,1.0,7.0,10,19,39343.862056694765,75.10813438386478,751.0813438386477,1427.0545532934307,0.15,14406.553242868604
36,Accommodation and food services,Int,From 20 to 49 persons employed,0.00034550871501144985,1.0,7.0,20,49,14594.673018792164,75.10813438386478,1502.1626876772955,3680.298584809374,0.15,14406.553242868604
36,Accommodation and food services,Int,From 50 to 249 persons employed,9.432303219696238e-05,1.0,7.0,50,249,3984.309955857558,75.10813438386478,3755.4067191932386,18701.92546158233,0.15,14406.553242868604
36,Accommodation and food services,Int,250 persons employed or more,1.0233448600790079e-05,1.0,7.0,250,1850,432.27226895911423,75.10813438386478,18777.033595966193,138950.04861014982,0.15,14406.553242868604
37,Publishing services,C,From 0 to 9 persons employed,0.0007399280776776447,0.09203898631521364,8.0,0,9,31255.386280982246,243.3546941145305,243.3546941145305,2190.1922470307745,0.15,89121.30607049137
37,Publishing services,C,From 10 to 19 persons employed,2.3114773640109094e-05,0.09203898631521364,8.0,10,19,976.3937884160432,243.3546941145305,2433.5469411453055,4623.73918817608,0.15,89121.30607049137
37,Publishing services,C,From 20 to 49 persons employed,1.4291222215311331e-05,0.09203898631521364,8.0,20,49,603.6771467962985,243.3546941145305,4867.093882290611,11924.380011611995,0.15,89121.30607049137
37,Publishing services,C,From 50 to 249 persons employed,8.316825539918655e-06,0.09203898631521364,8.0,50,249,351.3119757498155,243.3546941145305,12167.734705726525,60595.3188345181,0.15,89121.30607049137
37,Publishing services,C,250 persons employed or more,2.0322053240783243e-06,0.09203898631521364,8.0,250,1850,85.84261676579945,243.3546941145305,60838.67352863263,450206.1841118815,0.15,89121.30607049137
37,Publishing services,I,From 0 to 9 persons employed,0.0005305994684669219,0.09203898631521364,8.0,0,9,22413.112635850655,243.3546941145305,243.3546941145305,2190.1922470307745,0.15,89121.30607049137
37,Publishing services,I,From 10 to 19 persons employed,1.6575511833081574e-05,0.09203898631521364,8.0,10,19,700.1680849495477,243.3546941145305,2433.5469411453055,4623.73918817608,0.15,89121.30607049137
37,Publishing services,I,From 20 to 49 persons employed,1.024817835672187e-05,0.09203898631521364,8.0,20,49,432.8944702586212,243.3546941145305,4867.093882290611,11924.380011611995,0.15,89121.30607049137
37,Publishing services,I,From 50 to 249 persons employed,5.963962368698588e-06,0.09203898631521364,8.0,50,249,251.92441430790709,243.3546941145305,12167.734705726525,60595.3188345181,0.15,89121.30607049137
37,Publishing services,I,250 persons employed or more,1.4572863191729987e-06,0.09203898631521364,8.0,250,1850,61.557397538827026,243.3546941145305,60838.67352863263,450206.1841118815,0.15,89121.30607049137
37,Publishing services,Int,From 0 to 9 persons employed,0.001167949760879361,0.09203898631521364,8.0,0,9,49335.49899557783,243.3546941145305,243.3546941145305,2190.1922470307745,0.15,89121.30607049137
37,Publishing services,Int,From 10 to 19 persons employed,3.6485835799715896e-05,0.09203898631521364,8.0,10,19,1541.2023494010803,243.3546941145305,2433.5469411453055,4623.73918817608,0.15,89121.30607049137
37,Publishing services,Int,From 20 to 49 persons employed,2.255817838597879e-05,0.09203898631521364,8.0,20,49,952.882584834466,243.3546941145305,4867.093882290611,11924.380011611995,0.15,89121.30607049137
37,Publishing services,Int,From 50 to 249 persons employed,1.3127808896117026e-05,0.09203898631521364,8.0,50,249,554.5332721510935,243.3546941145305,12167.734705726525,60595.3188345181,0.15,89121.30607049137
37,Publishing services,Int,250 persons employed or more,3.2077627460287866e-06,0.09203898631521364,8.0,250,1850,135.49947183995502,243.3546941145305,60838.67352863263,450206.1841118815,0.15,89121.30607049137
38,"Motion picture, video and television programme production services, sound recording and music publishing; programming and broadcasting services",C,From 0 to 9 persons employed,0.0007449025463930469,0.08031878482938368,8.0,0,9,31465.51338107898,154.98966931330577,154.98966931330577,1394.9070238197519,0.15,56760.28484634277
38,"Motion picture, video and television programme production services, sound recording and music publishing; programming and broadcasting services",C,From 10 to 19 persons employed,2.327017214680885e-05,0.08031878482938368,8.0,10,19,982.9579944529775,154.98966931330577,1549.8966931330579,2944.8037169528093,0.15,56760.28484634277
38,"Motion picture, video and television programme production services, sound recording and music publishing; programming and broadcasting services",C,From 20 to 49 persons employed,1.4387300793702428e-05,0.08031878482938368,8.0,20,49,607.7356129790747,154.98966931330577,3099.7933862661157,7594.493796351982,0.15,56760.28484634277
38,"Motion picture, video and television programme production services, sound recording and music publishing; programming and broadcasting services",C,From 50 to 249 persons employed,8.372738796501151e-06,0.08031878482938368,8.0,50,249,353.67381399522793,154.98966931330577,7749.483465665287,38592.427659013134,0.15,56760.28484634277
38,"Motion picture, video and television programme production services, sound recording and music publishing; programming and broadcasting services",C,250 persons employed or more,2.0458676543951167e-06,0.08031878482938368,8.0,250,1850,86.41972881821673,154.98966931330577,38747.41732832644,286730.88822961564,0.15,56760.28484634277
38,"Motion picture, video and television programme production services, sound recording and music publishing; programming and broadcasting services",I,From 0 to 9 persons employed,0.000220822803023201,0.08031878482938368,8.0,0,9,9327.801196302578,154.98966931330577,154.98966931330577,1394.9070238197519,0.15,56760.28484634277
38,"Motion picture, video and television programme production services, sound recording and music publishing; programming and broadcasting services",I,From 10 to 19 persons employed,6.898331419556432e-06,0.08031878482938368,8.0,10,19,291.3932039032651,154.98966931330577,1549.8966931330579,2944.8037169528093,0.15,56760.28484634277
38,"Motion picture, video and television programme production services, sound recording and music publishing; programming and broadcasting services",I,From 20 to 49 persons employed,4.2650466219871545e-06,0.08031878482938368,8.0,20,49,180.1603205746743,154.98966931330577,3099.7933862661157,7594.493796351982,0.15,56760.28484634277
38,"Motion picture, video and television programme production services, sound recording and music publishing; programming and broadcasting services",I,From 50 to 249 persons employed,2.482058437009183e-06,0.08031878482938368,8.0,50,249,104.84491339236672,154.98966931330577,7749.483465665287,38592.427659013134,0.15,56760.28484634277
38,"Motion picture, video and television programme production services, sound recording and music publishing; programming and broadcasting services",I,250 persons employed or more,6.064876972774543e-07,0.08031878482938368,8.0,250,1850,25.618715960294438,154.98966931330577,38747.41732832644,286730.88822961564,0.15,56760.28484634277
38,"Motion picture, video and television programme production services, sound recording and music publishing; programming and broadcasting services",Int,From 0 to 9 persons employed,0.0011622373974074396,0.08031878482938368,8.0,0,9,49094.20239895096,154.98966931330577,154.98966931330577,1394.9070238197519,0.15,56760.28484634277
38,"Motion picture, video and television programme production services, sound recording and music publishing; programming and broadcasting services",Int,From 10 to 19 persons employed,3.6307386038736544e-05,0.08031878482938368,8.0,10,19,1533.6644327042789,154.98966931330577,1549.8966931330579,2944.8037169528093,0.15,56760.28484634277
38,"Motion picture, video and television programme production services, sound recording and music publishing; programming and broadcasting services",Int,From 20 to 49 persons employed,2.2447847857627866e-05,0.08031878482938368,8.0,20,49,948.2221004087145,154.98966931330577,3099.7933862661157,7594.493796351982,0.15,56760.28484634277
38,"Motion picture, video and television programme production services, sound recording and music publishing; programming and broadcasting services",Int,From 50 to 249 persons employed,1.306360166861772e-05,0.08031878482938368,8.0,50,249,551.8210873346713,154.98966931330577,7749.483465665287,38592.427659013134,0.15,56760.28484634277
38,"Motion picture, video and television programme production services, sound recording and music publishing; programming and broadcasting services",Int,250 persons employed or more,3.1920737948848533e-06,0.08031878482938368,8.0,250,1850,134.8367530661437,154.98966931330577,38747.41732832644,286730.88822961564,0.15,56760.28484634277
39,Telecommunications services,C,From 0 to 9 persons employed,0.0012147967945579177,0.11614763143740667,8.0,0,9,51314.36988575558,249.76063458883837,249.76063458883837,2247.8457112995457,0.15,91467.28827460474
39,Telecommunications services,C,From 10 to 19 persons employed,3.794930044156202e-05,0.11614763143740667,8.0,10,19,1603.0207261722717,249.76063458883837,2497.606345888384,4745.452057187929,0.15,91467.28827460474
39,Telecommunications services,C,From 20 to 49 persons employed,2.3462997906451293e-05,0.11614763143740667,8.0,20,49,991.1031693481704,249.76063458883837,4995.212691776768,12238.27109485308,0.15,91467.28827460474
39,Telecommunications services,C,From 50 to 249 persons employed,1.3654371703937642e-05,0.11614763143740667,8.0,50,249,576.7758717444042,249.76063458883837,12488.031729441918,62190.39801262075,0.15,91467.28827460474
39,Telecommunications services,C,250 persons employed or more,3.3364276718924534e-06,0.11614763143740667,8.0,250,1850,140.9344216411637,249.76063458883837,62440.158647209595,462057.173989351,0.15,91467.28827460474
39,Telecommunications services,I,From 0 to 9 persons employed,0.0,0.11614763143740667,8.0,0,9,0.0,249.76063458883837,249.76063458883837,2247.8457112995457,0.15,91467.28827460474
39,Telecommunications services,I,From 10 to 19 persons employed,0.0,0.11614763143740667,8.0,10,19,0.0,249.76063458883837,2497.606345888384,4745.452057187929,0.15,91467.28827460474
39,Telecommunications services,I,From 20 to 49 persons employed,0.0,0.11614763143740667,8.0,20,49,0.0,249.76063458883837,4995.212691776768,12238.27109485308,0.15,91467.28827460474
39,Telecommunications services,I,From 50 to 249 persons employed,0.0,0.11614763143740667,8.0,50,249,0.0,249.76063458883837,12488.031729441918,62190.39801262075,0.15,91467.28827460474
39,Telecommunications services,I,250 persons employed or more,0.0,0.11614763143740667,8.0,250,1850,0.0,249.76063458883837,62440.158647209595,462057.173989351,0.15,91467.28827460474
39,Telecommunications services,Int,From 0 to 9 persons employed,0.0018624140142912396,0.11614763143740667,8.0,0,9,78670.44269287388,249.76063458883837,249.76063458883837,2247.8457112995457,0.15,91467.28827460474
39,Telecommunications services,Int,From 10 to 19 persons employed,5.818035517671442e-05,0.11614763143740667,8.0,10,19,2457.603015580084,249.76063458883837,2497.606345888384,4745.452057187929,0.15,91467.28827460474
39,Telecommunications services,Int,From 20 to 49 persons employed,3.5971296857235433e-05,0.11614763143740667,8.0,20,49,1519.4676512743238,249.76063458883837,4995.212691776768,12238.27109485308,0.15,91467.28827460474
39,Telecommunications services,Int,From 50 to 249 persons employed,2.0933618965474467e-05,0.11614763143740667,8.0,50,249,884.259385153169,249.76063458883837,12488.031729441918,62190.39801262075,0.15,91467.28827460474
39,Telecommunications services,Int,250 persons employed or more,5.115102115545913e-06,0.11614763143740667,8.0,250,1850,216.06761158441608,249.76063458883837,62440.158647209595,462057.173989351,0.15,91467.28827460474
40,"Computer programming, consultancy and related services; Information services",C,From 0 to 9 persons employed,0.00019610482932522723,0.7114945974179961,8.0,0,9,8283.686451477466,131.44428411375355,131.44428411375355,1182.998557023782,0.15,48137.49871701774
40,"Computer programming, consultancy and related services; Information services",C,From 10 to 19 persons employed,6.126161280177363e-06,0.7114945974179961,8.0,10,19,258.7758770183579,131.44428411375355,1314.4428411375357,2497.4413981613175,0.15,48137.49871701774
40,"Computer programming, consultancy and related services; Information services",C,From 20 to 49 persons employed,3.787635282308463e-06,0.7114945974179961,8.0,20,49,159.99393375041396,131.44428411375355,2628.8856822750713,6440.769921573924,0.15,48137.49871701774
40,"Computer programming, consultancy and related services; Information services",C,From 50 to 249 persons employed,2.204227278619346e-06,0.7114945974179961,8.0,50,249,93.10901575806955,131.44428411375355,6572.214205687677,32729.626744324636,0.15,48137.49871701774
40,"Computer programming, consultancy and related services; Information services",C,250 persons employed or more,5.386000210763976e-07,0.7114945974179961,8.0,250,1850,22.751064890690515,131.44428411375355,32861.07102843839,243171.9256104441,0.15,48137.49871701774
40,"Computer programming, consultancy and related services; Information services",I,From 0 to 9 persons employed,0.00637955923347047,0.7114945974179961,8.0,0,9,269479.68885077874,131.44428411375355,131.44428411375355,1182.998557023782,0.15,48137.49871701774
40,"Computer programming, consultancy and related services; Information services",I,From 10 to 19 persons employed,0.0001992924340270552,0.7114945974179961,8.0,10,19,8418.334425074318,131.44428411375355,1314.4428411375357,2497.4413981613175,0.15,48137.49871701774
40,"Computer programming, consultancy and related services; Information services",I,From 20 to 49 persons employed,0.00012321697390835782,0.7114945974179961,8.0,20,49,5204.822241597968,131.44428411375355,2628.8856822750713,6440.769921573924,0.15,48137.49871701774
40,"Computer programming, consultancy and related services; Information services",I,From 50 to 249 persons employed,7.170653846908897e-05,0.7114945974179961,8.0,50,249,3028.9640660181726,131.44428411375355,6572.214205687677,32729.626744324636,0.15,48137.49871701774
40,"Computer programming, consultancy and related services; Information services",I,250 persons employed or more,1.7521397863725666e-05,0.7114945974179961,8.0,250,1850,740.1233646009923,131.44428411375355,32861.07102843839,243171.9256104441,0.15,48137.49871701774
40,"Computer programming, consultancy and related services; Information services",Int,From 0 to 9 persons employed,0.012274645999638432,0.7114945974179961,8.0,0,9,518494.72098037094,131.44428411375355,131.44428411375355,1182.998557023782,0.15,48137.49871701774
40,"Computer programming, consultancy and related services; Information services",Int,From 10 to 19 persons employed,0.0003834503276110576,0.7114945974179961,8.0,10,19,16197.369001956033,131.44428411375355,1314.4428411375357,2497.4413981613175,0.15,48137.49871701774
40,"Computer programming, consultancy and related services; Information services",Int,From 20 to 49 persons employed,0.00023707668202792276,0.7114945974179961,8.0,20,49,10014.383152283237,131.44428411375355,2628.8856822750713,6440.769921573924,0.15,48137.49871701774
40,"Computer programming, consultancy and related services; Information services",Int,From 50 to 249 persons employed,0.00013796758417880696,0.7114945974179961,8.0,50,249,5827.904451601581,131.44428411375355,6572.214205687677,32729.626744324636,0.15,48137.49871701774
40,"Computer programming, consultancy and related services; Information services",Int,250 persons employed or more,3.371219677179115e-05,0.7114945974179961,8.0,250,1850,1424.0407470276618,131.44428411375355,32861.07102843839,243171.9256104441,0.15,48137.49871701774
41,"Financial services, except insurance and pension funding",C,From 0 to 9 persons employed,0.001921215894291213,0.6231745400231202,9.0,0,9,81154.29960936707,213.92409914709205,213.92409914709205,1925.3168923238286,0.15,274040.86226541427
41,"Financial services, except insurance and pension funding",C,From 10 to 19 persons employed,0.0,0.6231745400231202,9.0,10,19,0.0,213.92409914709205,2139.2409914709206,4064.5578837947487,0.15,274040.86226541427
41,"Financial services, except insurance and pension funding",C,From 20 to 49 persons employed,1.8816394168196944e-05,0.6231745400231202,9.0,20,49,794.8254511277423,213.92409914709205,4278.481982941841,10482.28085820751,0.15,274040.86226541427
41,"Financial services, except insurance and pension funding",C,From 50 to 249 persons employed,1.5831725509905897e-05,0.6231745400231202,9.0,50,249,668.7497220806431,213.92409914709205,10696.204957354603,53267.10068762592,0.15,274040.86226541427
41,"Financial services, except insurance and pension funding",C,250 persons employed or more,0.0,0.6231745400231202,9.0,250,1850,0.0,213.92409914709205,53481.024786773014,395759.5834221203,0.15,274040.86226541427
41,"Financial services, except insurance and pension funding",I,From 0 to 9 persons employed,6.949989724196127e-07,0.6231745400231202,9.0,0,9,29.357530823859715,213.92409914709205,213.92409914709205,1925.3168923238286,0.15,274040.86226541427
41,"Financial services, except insurance and pension funding",I,From 10 to 19 persons employed,0.0,0.6231745400231202,9.0,10,19,0.0,213.92409914709205,2139.2409914709206,4064.5578837947487,0.15,274040.86226541427
41,"Financial services, except insurance and pension funding",I,From 20 to 49 persons employed,6.8068219976723945e-09,0.6231745400231202,9.0,20,49,0.28752774398138736,213.92409914709205,4278.481982941841,10482.28085820751,0.15,274040.86226541427
41,"Financial services, except insurance and pension funding",I,From 50 to 249 persons employed,5.7271194735109535e-09,0.6231745400231202,9.0,50,249,0.24191990657219617,213.92409914709205,10696.204957354603,53267.10068762592,0.15,274040.86226541427
41,"Financial services, except insurance and pension funding",I,250 persons employed or more,0.0,0.6231745400231202,9.0,250,1850,0.0,213.92409914709205,53481.024786773014,395759.5834221203,0.15,274040.86226541427
41,"Financial services, except insurance and pension funding",Int,From 0 to 9 persons employed,0.0069718712848646875,0.6231745400231202,9.0,0,9,294499.6097372957,213.92409914709205,213.92409914709205,1925.3168923238286,0.15,274040.86226541427
41,"Financial services, except insurance and pension funding",Int,From 10 to 19 persons employed,0.0,0.6231745400231202,9.0,10,19,0.0,213.92409914709205,2139.2409914709206,4064.5578837947487,0.15,274040.86226541427
41,"Financial services, except insurance and pension funding",Int,From 20 to 49 persons employed,6.8282528046826e-05,0.6231745400231202,9.0,20,49,2884.3300514341745,213.92409914709205,4278.481982941841,10482.28085820751,0.15,274040.86226541427
41,"Financial services, except insurance and pension funding",Int,From 50 to 249 persons employed,5.745150912000631e-05,0.6231745400231202,9.0,50,249,2426.8157462102263,213.92409914709205,10696.204957354603,53267.10068762592,0.15,274040.86226541427
41,"Financial services, except insurance and pension funding",Int,250 persons employed or more,0.0,0.6231745400231202,9.0,250,1850,0.0,213.92409914709205,53481.024786773014,395759.5834221203,0.15,274040.86226541427
42,"Insurance, reinsurance and pension funding services, except compulsory social security",C,From 0 to 9 persons employed,0.0014345956366133984,0.16938490161373554,9.0,0,9,60598.917830089136,208.37823056910568,208.37823056910568,1875.404075121951,0.15,266936.49855332467
42,"Insurance, reinsurance and pension funding services, except compulsory social security",C,From 10 to 19 persons employed,0.0,0.16938490161373554,9.0,10,19,0.0,208.37823056910568,2083.782305691057,3959.186380813008,0.15,266936.49855332467
42,"Insurance, reinsurance and pension funding services, except compulsory social security",C,From 20 to 49 persons employed,1.4050433920885242e-05,0.16938490161373554,9.0,20,49,593.5059810015805,208.37823056910568,4167.564611382114,10210.533297886179,0.15,266936.49855332467
42,"Insurance, reinsurance and pension funding services, except compulsory social security",C,From 50 to 249 persons employed,1.1821744971015417e-05,0.16938490161373554,9.0,50,249,499.36367699958896,208.37823056910568,10418.911528455284,51886.17941170731,0.15,266936.49855332467
42,"Insurance, reinsurance and pension funding services, except compulsory social security",C,250 persons employed or more,0.0,0.16938490161373554,9.0,250,1850,0.0,208.37823056910568,52094.55764227642,385499.7265528455,0.15,266936.49855332467
42,"Insurance, reinsurance and pension funding services, except compulsory social security",I,From 0 to 9 persons employed,1.926167943491225e-05,0.16938490161373554,9.0,0,9,813.6347968415839,208.37823056910568,208.37823056910568,1875.404075121951,0.15,266936.49855332467
42,"Insurance, reinsurance and pension funding services, except compulsory social security",I,From 10 to 19 persons employed,0.0,0.16938490161373554,9.0,10,19,0.0,208.37823056910568,2083.782305691057,3959.186380813008,0.15,266936.49855332467
42,"Insurance, reinsurance and pension funding services, except compulsory social security",I,From 20 to 49 persons employed,1.8864894552752687e-07,0.16938490161373554,9.0,20,49,7.968741614008053,208.37823056910568,4167.564611382114,10210.533297886179,0.15,266936.49855332467
42,"Insurance, reinsurance and pension funding services, except compulsory social security",I,From 50 to 249 persons employed,1.587253273197766e-07,0.16938490161373554,9.0,50,249,6.704734646001998,208.37823056910568,10418.911528455284,51886.17941170731,0.15,266936.49855332467
42,"Insurance, reinsurance and pension funding services, except compulsory social security",I,250 persons employed or more,0.0,0.16938490161373554,9.0,250,1850,0.0,208.37823056910568,52094.55764227642,385499.7265528455,0.15,266936.49855332467
42,"Insurance, reinsurance and pension funding services, except compulsory social security",Int,From 0 to 9 persons employed,0.0009635591900245612,0.16938490161373554,9.0,0,9,40701.813591575155,208.37823056910568,208.37823056910568,1875.404075121951,0.15,266936.49855332467
42,"Insurance, reinsurance and pension funding services, except compulsory social security",Int,From 10 to 19 persons employed,0.0,0.16938490161373554,9.0,10,19,0.0,208.37823056910568,2083.782305691057,3959.186380813008,0.15,266936.49855332467
42,"Insurance, reinsurance and pension funding services, except compulsory social security",Int,From 20 to 49 persons employed,9.437101565610158e-06,0.16938490161373554,9.0,20,49,398.63368306251715,208.37823056910568,4167.564611382114,10210.533297886179,0.15,266936.49855332467
42,"Insurance, reinsurance and pension funding services, except compulsory social security",Int,From 50 to 249 persons employed,7.940182388842878e-06,0.16938490161373554,9.0,50,249,335.40214946790434,208.37823056910568,10418.911528455284,51886.17941170731,0.15,266936.49855332467
42,"Insurance, reinsurance and pension funding services, except compulsory social security",Int,250 persons employed or more,0.0,0.16938490161373554,9.0,250,1850,0.0,208.37823056910568,52094.55764227642,385499.7265528455,0.15,266936.49855332467
43,Services auxiliary to financial services and insurance services,C,From 0 to 9 persons employed,0.00024108969569218628,0.2074405583631443,9.0,0,9,10183.897319958949,188.49955172424583,188.49955172424583,1696.4959655182126,0.15,241471.5307770811
43,Services auxiliary to financial services and insurance services,C,From 10 to 19 persons employed,0.0,0.2074405583631443,9.0,10,19,0.0,188.49955172424583,1884.9955172424586,3581.491482760671,0.15,241471.5307770811
43,Services auxiliary to financial services and insurance services,C,From 20 to 49 persons employed,2.361233194829695e-06,0.2074405583631443,9.0,20,49,99.74112056338535,188.49955172424583,3769.9910344849172,9236.478034488047,0.15,241471.5307770811
43,Services auxiliary to financial services and insurance services,C,From 50 to 249 persons employed,1.986692852587282e-06,0.2074405583631443,9.0,50,249,83.92011926912458,188.49955172424583,9424.977586212291,46936.388379337215,0.15,241471.5307770811
43,Services auxiliary to financial services and insurance services,C,250 persons employed or more,0.0,0.2074405583631443,9.0,250,1850,0.0,188.49955172424583,47124.887931061465,348724.1706898548,0.15,241471.5307770811
43,Services auxiliary to financial services and insurance services,I,From 0 to 9 persons employed,1.057704864287916e-05,0.2074405583631443,9.0,0,9,446.7863175074039,188.49955172424583,188.49955172424583,1696.4959655182126,0.15,241471.5307770811
43,Services auxiliary to financial services and insurance services,I,From 10 to 19 persons employed,0.0,0.2074405583631443,9.0,10,19,0.0,188.49955172424583,1884.9955172424586,3581.491482760671,0.15,241471.5307770811
43,Services auxiliary to financial services and insurance services,I,From 20 to 49 persons employed,1.035916457863947e-07,0.2074405583631443,9.0,20,49,4.375826519110718,188.49955172424583,3769.9910344849172,9236.478034488047,0.15,241471.5307770811
43,Services auxiliary to financial services and insurance services,I,From 50 to 249 persons employed,8.715987168155474e-08,0.2074405583631443,9.0,50,249,3.6817300759259255,188.49955172424583,9424.977586212291,46936.388379337215,0.15,241471.5307770811
43,Services auxiliary to financial services and insurance services,I,250 persons employed or more,0.0,0.2074405583631443,9.0,250,1850,0.0,188.49955172424583,47124.887931061465,348724.1706898548,0.15,241471.5307770811
43,Services auxiliary to financial services and insurance services,Int,From 0 to 9 persons employed,0.0027088700274699447,0.2074405583631443,9.0,0,9,114425.68764154107,188.49955172424583,188.49955172424583,1696.4959655182126,0.15,241471.5307770811
43,Services auxiliary to financial services and insurance services,Int,From 10 to 19 persons employed,0.0,0.2074405583631443,9.0,10,19,0.0,188.49955172424583,1884.9955172424586,3581.491482760671,0.15,241471.5307770811
43,Services auxiliary to financial services and insurance services,Int,From 20 to 49 persons employed,2.6530681085216388e-05,0.2074405583631443,9.0,20,49,1120.6855242182692,188.49955172424583,3769.9910344849172,9236.478034488047,0.15,241471.5307770811
43,Services auxiliary to financial services and insurance services,Int,From 50 to 249 persons employed,2.2322367228143935e-05,0.2074405583631443,9.0,50,249,942.9216588338919,188.49955172424583,9424.977586212291,46936.388379337215,0.15,241471.5307770811
43,Services auxiliary to financial services and insurance services,Int,250 persons employed or more,0.0,0.2074405583631443,9.0,250,1850,0.0,188.49955172424583,47124.887931061465,348724.1706898548,0.15,241471.5307770811
44,Imputed rents of owner-occupied dwellings,C,From 0 to 9 persons employed,,0.0,10.0,0,9,0.0,0.0,0.0,0.0,0.00,0.0
44,Imputed rents of owner-occupied dwellings,C,From 10 to 19 persons employed,,0.0,10.0,10,19,0.0,0.0,0.0,0.0,0.00,0.0
44,Imputed rents of owner-occupied dwellings,C,From 20 to 49 persons employed,,0.0,10.0,20,49,0.0,0.0,0.0,0.0,0.00,0.0
44,Imputed rents of owner-occupied dwellings,C,From 50 to 249 persons employed,,0.0,10.0,50,249,0.0,0.0,0.0,0.0,0.00,0.0
44,Imputed rents of owner-occupied dwellings,C,250 persons employed or more,,0.0,10.0,250,1850,0.0,0.0,0.0,0.0,0.00,0.0
44,Imputed rents of owner-occupied dwellings,I,From 0 to 9 persons employed,,0.0,10.0,0,9,0.0,0.0,0.0,0.0,0.00,0.0
44,Imputed rents of owner-occupied dwellings,I,From 10 to 19 persons employed,,0.0,10.0,10,19,0.0,0.0,0.0,0.0,0.00,0.0
44,Imputed rents of owner-occupied dwellings,I,From 20 to 49 persons employed,,0.0,10.0,20,49,0.0,0.0,0.0,0.0,0.00,0.0
44,Imputed rents of owner-occupied dwellings,I,From 50 to 249 persons employed,,0.0,10.0,50,249,0.0,0.0,0.0,0.0,0.00,0.0
44,Imputed rents of owner-occupied dwellings,I,250 persons employed or more,,0.0,10.0,250,1850,0.0,0.0,0.0,0.0,0.00,0.0
44,Imputed rents of owner-occupied dwellings,Int,From 0 to 9 persons employed,,0.0,10.0,0,9,0.0,0.0,0.0,0.0,0.00,0.0
44,Imputed rents of owner-occupied dwellings,Int,From 10 to 19 persons employed,,0.0,10.0,10,19,0.0,0.0,0.0,0.0,0.00,0.0
44,Imputed rents of owner-occupied dwellings,Int,From 20 to 49 persons employed,,0.0,10.0,20,49,0.0,0.0,0.0,0.0,0.00,0.0
44,Imputed rents of owner-occupied dwellings,Int,From 50 to 249 persons employed,,0.0,10.0,50,249,0.0,0.0,0.0,0.0,0.00,0.0
44,Imputed rents of owner-occupied dwellings,Int,250 persons employed or more,,0.0,10.0,250,1850,0.0,0.0,0.0,0.0,0.00,0.0
45,Real estate services excluding imputed rents,C,From 0 to 9 persons employed,0.01829281846741351,1.0,10.0,0,9,772709.0302633194,15632.848221109585,15632.848221109585,140695.63398998627,0.03,26147.02081767346
45,Real estate services excluding imputed rents,C,From 10 to 19 persons employed,0.0002539511785972508,1.0,10.0,10,19,10727.18068556083,15632.848221109585,156328.48221109583,297024.1162010821,0.03,26147.02081767346
45,Real estate services excluding imputed rents,C,From 20 to 49 persons employed,0.00010722172685810575,1.0,10.0,20,49,4529.165187490107,15632.848221109585,312656.96442219167,766009.5628343696,0.03,26147.02081767346
45,Real estate services excluding imputed rents,C,From 50 to 249 persons employed,4.434392896607811e-05,1.0,10.0,50,249,1873.1369586640076,15632.848221109585,781642.4110554793,3892579.2070562867,0.03,26147.02081767346
45,Real estate services excluding imputed rents,C,250 persons employed or more,0.0,1.0,10.0,250,1850,0.0,15632.848221109585,3908212.055277396,28920769.209052734,0.03,26147.02081767346
45,Real estate services excluding imputed rents,I,From 0 to 9 persons employed,0.0005034677625091528,1.0,10.0,0,9,21267.039151474048,15632.848221109585,15632.848221109585,140695.63398998627,0.03,26147.02081767346
45,Real estate services excluding imputed rents,I,From 10 to 19 persons employed,6.989422209742082e-06,1.0,10.0,10,19,295.2409803558472,15632.848221109585,156328.48221109583,297024.1162010821,0.03,26147.02081767346
45,Real estate services excluding imputed rents,I,From 20 to 49 persons employed,2.951031466790194e-06,1.0,10.0,20,49,124.65485660627179,15632.848221109585,312656.96442219167,766009.5628343696,0.03,26147.02081767346
45,Real estate services excluding imputed rents,I,From 50 to 249 persons employed,1.2204646723623708e-06,1.0,10.0,50,249,51.55378735823155,15632.848221109585,781642.4110554793,3892579.2070562867,0.03,26147.02081767346
45,Real estate services excluding imputed rents,I,250 persons employed or more,0.0,1.0,10.0,250,1850,0.0,15632.848221109585,3908212.055277396,28920769.209052734,0.03,26147.02081767346
45,Real estate services excluding imputed rents,Int,From 0 to 9 persons employed,0.00784276126004173,1.0,10.0,0,9,331286.97246020637,15632.848221109585,15632.848221109585,140695.63398998627,0.03,26147.02081767346
45,Real estate services excluding imputed rents,Int,From 10 to 19 persons employed,0.00010887761604327932,1.0,10.0,10,19,4599.111791332391,15632.848221109585,156328.48221109583,297024.1162010821,0.03,26147.02081767346
45,Real estate services excluding imputed rents,Int,From 20 to 49 persons employed,4.5969646893698595e-05,1.0,10.0,20,49,1941.8090949764683,15632.848221109585,312656.96442219167,766009.5628343696,0.03,26147.02081767346
45,Real estate services excluding imputed rents,Int,From 50 to 249 persons employed,1.90117695002947e-05,1.0,10.0,50,249,803.0783228036714,15632.848221109585,781642.4110554793,3892579.2070562867,0.03,26147.02081767346
45,Real estate services excluding imputed rents,Int,250 persons employed or more,0.0,1.0,10.0,250,1850,0.0,15632.848221109585,3908212.055277396,28920769.209052734,0.03,26147.02081767346
46,Legal and accounting services; services of head offices; management consultancy services,C,From 0 to 9 persons employed,0.0013778304677311115,0.5337835342347296,11.0,0,9,58201.0938601032,28.37806546142472,28.37806546142472,255.4025891528225,0.15,55512.20484416668
46,Legal and accounting services; services of head offices; management consultancy services,C,From 10 to 19 persons employed,2.7350930312029023e-05,0.5337835342347296,11.0,10,19,1155.3337653164735,28.37806546142472,283.7806546142472,539.1832437670696,0.15,55512.20484416668
46,Legal and accounting services; services of head offices; management consultancy services,C,From 20 to 49 persons employed,1.2118812542888958e-05,0.5337835342347296,11.0,20,49,511.9121421688024,28.37806546142472,567.5613092284945,1390.5252076098113,0.15,55512.20484416668
46,Legal and accounting services; services of head offices; management consultancy services,C,From 50 to 249 persons employed,4.51676792130672e-06,0.5337835342347296,11.0,50,249,190.79330867546017,28.37806546142472,1418.9032730712358,7066.138299894755,0.15,55512.20484416668
46,Legal and accounting services; services of head offices; management consultancy services,C,250 persons employed or more,7.178820091768422e-07,0.5337835342347296,11.0,250,1850,30.324135788188038,28.37806546142472,7094.516365356179,52499.42110363572,0.15,55512.20484416668
46,Legal and accounting services; services of head offices; management consultancy services,I,From 0 to 9 persons employed,0.0020404877998420417,0.5337835342347296,11.0,0,9,86192.47776873686,28.37806546142472,28.37806546142472,255.4025891528225,0.15,55512.20484416668
46,Legal and accounting services; services of head offices; management consultancy services,I,From 10 to 19 persons employed,4.05051571460216e-05,0.5337835342347296,11.0,10,19,1710.9829605930129,28.37806546142472,283.7806546142472,539.1832437670696,0.15,55512.20484416668
46,Legal and accounting services; services of head offices; management consultancy services,I,From 20 to 49 persons employed,1.7947265444824988e-05,0.5337835342347296,11.0,20,49,758.112485643113,28.37806546142472,567.5613092284945,1390.5252076098113,0.15,55512.20484416668
46,Legal and accounting services; services of head offices; management consultancy services,I,From 50 to 249 persons employed,6.689073912932861e-06,0.5337835342347296,11.0,50,249,282.5539337106231,28.37806546142472,1418.9032730712358,7066.138299894755,0.15,55512.20484416668
46,Legal and accounting services; services of head offices; management consultancy services,I,250 persons employed or more,1.063142030719926e-06,0.5337835342347296,11.0,250,1850,44.90830371783189,28.37806546142472,7094.516365356179,52499.42110363572,0.15,55512.20484416668
46,Legal and accounting services; services of head offices; management consultancy services,Int,From 0 to 9 persons employed,0.04922572640348991,0.5337835342347296,11.0,0,9,2079349.5207426273,28.37806546142472,28.37806546142472,255.4025891528225,0.15,55512.20484416668
46,Legal and accounting services; services of head offices; management consultancy services,Int,From 10 to 19 persons employed,0.0009771662363062279,0.5337835342347296,11.0,10,19,41276.59038476231,28.37806546142472,283.7806546142472,539.1832437670696,0.15,55512.20484416668
46,Legal and accounting services; services of head offices; management consultancy services,Int,From 20 to 49 persons employed,0.00043296861590946757,0.5337835342347296,11.0,20,49,18289.076663054035,28.37806546142472,567.5613092284945,1390.5252076098113,0.15,55512.20484416668
46,Legal and accounting services; services of head offices; management consultancy services,Int,From 50 to 249 persons employed,0.00016137049305379065,0.5337835342347296,11.0,50,249,6816.469393321378,28.37806546142472,1418.9032730712358,7066.138299894755,0.15,55512.20484416668
46,Legal and accounting services; services of head offices; management consultancy services,Int,250 persons employed or more,2.5647758705698223e-05,0.5337835342347296,11.0,250,1850,1083.389899331891,28.37806546142472,7094.516365356179,52499.42110363572,0.15,55512.20484416668
47,Architectural and engineering services; technical testing and analysis services,C,From 0 to 9 persons employed,0.0006363435416266917,0.21822213900086998,11.0,0,9,26879.86008501683,26.98783183537987,26.98783183537987,242.89048651841884,0.15,52792.677188726004
47,Architectural and engineering services; technical testing and analysis services,C,From 10 to 19 persons employed,1.2631879080306383e-05,0.21822213900086998,11.0,10,19,533.5846442654371,26.98783183537987,269.8783183537987,512.7688048722175,0.15,52792.677188726004
47,Architectural and engineering services; technical testing and analysis services,C,From 20 to 49 persons employed,5.597007958860803e-06,0.21822213900086998,11.0,20,49,236.4238512491465,26.98783183537987,539.7566367075974,1322.4037599336136,0.15,52792.677188726004
47,Architectural and engineering services; technical testing and analysis services,C,From 50 to 249 persons employed,2.0860448096224433e-06,0.21822213900086998,11.0,50,249,88.11685661236993,26.98783183537987,1349.3915917689935,6719.9701270095875,0.15,52792.677188726004
47,Architectural and engineering services; technical testing and analysis services,C,250 persons employed or more,3.315499191579982e-07,0.21822213900086998,11.0,250,1850,14.005037931843788,26.98783183537987,6746.957958844968,49927.488895452756,0.15,52792.677188726004
47,Architectural and engineering services; technical testing and analysis services,I,From 0 to 9 persons employed,0.004649442174236631,0.21822213900086998,11.0,0,9,196397.61691833741,26.98783183537987,26.98783183537987,242.89048651841884,0.15,52792.677188726004
47,Architectural and engineering services; technical testing and analysis services,I,From 10 to 19 persons employed,9.229478653259962e-05,0.21822213900086998,11.0,10,19,3898.6345995292054,26.98783183537987,269.8783183537987,512.7688048722175,0.15,52792.677188726004
47,Architectural and engineering services; technical testing and analysis services,I,From 20 to 49 persons employed,4.089452182848077e-05,0.21822213900086998,11.0,20,49,1727.4301585323446,26.98783183537987,539.7566367075974,1322.4037599336136,0.15,52792.677188726004
47,Architectural and engineering services; technical testing and analysis services,I,From 50 to 249 persons employed,1.5241680131478191e-05,0.21822213900086998,11.0,50,249,643.8255479853052,26.98783183537987,1349.3915917689935,6719.9701270095875,0.15,52792.677188726004
47,Architectural and engineering services; technical testing and analysis services,I,250 persons employed or more,2.4224684877877968e-06,0.21822213900086998,11.0,250,1850,102.32776755405193,26.98783183537987,6746.957958844968,49927.488895452756,0.15,52792.677188726004
47,Architectural and engineering services; technical testing and analysis services,Int,From 0 to 9 persons employed,0.016236227042074017,0.21822213900086998,11.0,0,9,685836.3174141314,26.98783183537987,26.98783183537987,242.89048651841884,0.15,52792.677188726004
47,Architectural and engineering services; technical testing and analysis services,Int,From 10 to 19 persons employed,0.00032230083799011374,0.21822213900086998,11.0,10,19,13614.346439835925,26.98783183537987,269.8783183537987,512.7688048722175,0.15,52792.677188726004
47,Architectural and engineering services; technical testing and analysis services,Int,From 20 to 49 persons employed,0.00014280696829900458,0.21822213900086998,11.0,20,49,6032.325427912639,26.98783183537987,539.7566367075974,1322.4037599336136,0.15,52792.677188726004
47,Architectural and engineering services; technical testing and analysis services,Int,From 50 to 249 persons employed,5.32251762348198e-05,0.21822213900086998,11.0,50,249,2248.290737005114,26.98783183537987,1349.3915917689935,6719.9701270095875,0.15,52792.677188726004
47,Architectural and engineering services; technical testing and analysis services,Int,250 persons employed or more,8.45945532733721e-06,0.21822213900086998,11.0,250,1850,357.3368168599584,26.98783183537987,6746.957958844968,49927.488895452756,0.15,52792.677188726004
48,Scientific research and development services,C,From 0 to 9 persons employed,0.0013149089263629291,0.1329744735235499,11.0,0,9,55543.2178581141,30.772072392235778,30.772072392235778,276.948651530122,0.15,60195.27964086799
48,Scientific research and development services,C,From 10 to 19 persons employed,2.6101892252999495e-05,0.1329744735235499,11.0,10,19,1102.5730062746686,30.772072392235778,307.72072392235776,584.6693754524797,0.15,60195.27964086799
48,Scientific research and development services,C,From 20 to 49 persons employed,1.1565381346084094e-05,0.1329744735235499,11.0,20,49,488.53459189341163,30.772072392235778,615.4414478447155,1507.8315472195532,0.15,60195.27964086799
48,Scientific research and development services,C,From 50 to 249 persons employed,4.310500164665382e-06,0.1329744735235499,11.0,50,249,182.0803288526492,30.772072392235778,1538.6036196117889,7662.246025666708,0.15,60195.27964086799
48,Scientific research and development services,C,250 persons employed or more,6.850984094555521e-07,0.1329744735235499,11.0,250,1850,28.939320015030653,30.772072392235778,7693.018098058944,56928.33392563619,0.15,60195.27964086799
48,Scientific research and development services,I,From 0 to 9 persons employed,0.010756923475846756,0.1329744735235499,11.0,0,9,454384.4308325191,30.772072392235778,30.772072392235778,276.948651530122,0.15,60195.27964086799
48,Scientific research and development services,I,From 10 to 19 persons employed,0.0002135327032245088,0.1329744735235499,11.0,10,19,9019.859259634644,30.772072392235778,307.72072392235776,584.6693754524797,0.15,60195.27964086799
48,Scientific research and development services,I,From 20 to 49 persons employed,9.461333755861523e-05,0.1329744735235499,11.0,20,49,3996.5727777339475,30.772072392235778,615.4414478447155,1507.8315472195532,0.15,60195.27964086799
48,Scientific research and development services,I,From 50 to 249 persons employed,3.526306612138122e-05,0.1329744735235499,11.0,50,249,1489.551196022802,30.772072392235778,1538.6036196117889,7662.246025666708,0.15,60195.27964086799
48,Scientific research and development services,I,250 persons employed or more,5.6046095787957446e-06,0.1329744735235499,11.0,250,1850,236.74495214340303,30.772072392235778,7693.018098058944,56928.33392563619,0.15,60195.27964086799
48,Scientific research and development services,Int,From 0 to 9 persons employed,0.001042686265588881,0.1329744735235499,11.0,0,9,44044.22941097421,30.772072392235778,30.772072392235778,276.948651530122,0.15,60195.27964086799
48,Scientific research and development services,Int,From 10 to 19 persons employed,2.069807574686085e-05,0.1329744735235499,11.0,10,19,874.3097772037844,30.772072392235778,307.72072392235776,584.6693754524797,0.15,60195.27964086799
48,Scientific research and development services,Int,From 20 to 49 persons employed,9.171026254430717e-06,0.1329744735235499,11.0,20,49,387.3943655104009,30.772072392235778,615.4414478447155,1507.8315472195532,0.15,60195.27964086799
48,Scientific research and development services,Int,From 50 to 249 persons employed,3.4181069345594156e-06,0.1329744735235499,11.0,50,249,144.3846446869148,30.772072392235778,1538.6036196117889,7662.246025666708,0.15,60195.27964086799
48,Scientific research and development services,Int,250 persons employed or more,5.432640145595341e-07,0.1329744735235499,11.0,250,1850,22.94807717110694,30.772072392235778,7693.018098058944,56928.33392563619,0.15,60195.27964086799
49,Advertising and market research services,C,From 0 to 9 persons employed,5.357820045922467e-06,0.06382257376629824,11.0,0,9,226.32028735129614,27.828643066459403,27.828643066459403,250.45778759813464,0.15,54437.44347339084
49,Advertising and market research services,C,From 10 to 19 persons employed,1.0635659911173888e-07,0.06382257376629824,11.0,10,19,4.492621227731261,27.828643066459403,278.28643066459404,528.7442182627286,0.15,54437.44347339084
49,Advertising and market research services,C,From 20 to 49 persons employed,4.7125113209311383e-08,0.06382257376629824,11.0,20,49,1.990617279337428,27.828643066459403,556.5728613291881,1363.6035102565108,0.15,54437.44347339084
49,Advertising and market research services,C,From 50 to 249 persons employed,1.7563866004071712e-08,0.06382257376629824,11.0,50,249,0.7419172661587177,27.828643066459403,1391.4321533229702,6929.332123548392,0.15,54437.44347339084
49,Advertising and market research services,C,250 persons employed or more,2.7915499834377277e-09,0.06382257376629824,11.0,250,1850,0.11791818108709116,27.828643066459403,6957.160766614851,51482.989672949894,0.15,54437.44347339084
49,Advertising and market research services,I,From 0 to 9 persons employed,2.1181370488715097e-07,0.06382257376629824,11.0,0,9,8.947246854900502,27.828643066459403,27.828643066459403,250.45778759813464,0.15,54437.44347339084
49,Advertising and market research services,I,From 10 to 19 persons employed,4.2046550843377995e-09,0.06382257376629824,11.0,10,19,0.1776093147481926,27.828643066459403,278.28643066459404,528.7442182627286,0.15,54437.44347339084
49,Advertising and market research services,I,From 20 to 49 persons employed,1.863023531312367e-09,0.06382257376629824,11.0,20,49,0.07869618937084827,27.828643066459403,556.5728613291881,1363.6035102565108,0.15,54437.44347339084
49,Advertising and market research services,I,From 50 to 249 persons employed,6.943621656899794e-10,0.06382257376629824,11.0,50,249,0.029330631398197308,27.828643066459403,1391.4321533229702,6929.332123548392,0.15,54437.44347339084
49,Advertising and market research services,I,250 persons employed or more,1.1035991117686123e-10,0.06382257376629824,11.0,250,1850,0.00466172558905167,27.828643066459403,6957.160766614851,51482.989672949894,0.15,54437.44347339084
49,Advertising and market research services,Int,From 0 to 9 persons employed,0.006288889091343035,0.06382257376629824,11.0,0,9,265649.6810407776,27.828643066459403,27.828643066459403,250.45778759813464,0.15,54437.44347339084
49,Advertising and market research services,Int,From 10 to 19 persons employed,0.0001248389923911674,0.06382257376629824,11.0,10,19,5273.338109240434,27.828643066459403,278.28643066459404,528.7442182627286,0.15,54437.44347339084
49,Advertising and market research services,Int,From 20 to 49 persons employed,5.531440172498706e-05,0.06382257376629824,11.0,20,49,2336.541949106975,27.828643066459403,556.5728613291881,1363.6035102565108,0.15,54437.44347339084
49,Advertising and market research services,Int,From 50 to 249 persons employed,2.0616072277171773e-05,0.06382257376629824,11.0,50,249,870.8458592922525,27.828643066459403,1391.4321533229702,6929.332123548392,0.15,54437.44347339084
49,Advertising and market research services,Int,250 persons employed or more,3.276658806810998e-06,0.06382257376629824,11.0,250,1850,138.40971819760733,27.828643066459403,6957.160766614851,51482.989672949894,0.15,54437.44347339084
50,"Other professional, scientific and technical services and veterinary services",C,From 0 to 9 persons employed,0.0008005633558688713,0.051197279474552305,11.0,0,9,33816.68797947956,42.57470041733801,42.57470041733801,383.1723037560421,0.15,83283.17848018809
50,"Other professional, scientific and technical services and veterinary services",C,From 10 to 19 persons employed,1.589176104719924e-05,0.051197279474552305,11.0,10,19,671.2856900555024,42.57470041733801,425.7470041733801,808.9193079294222,0.15,83283.17848018809
50,"Other professional, scientific and technical services and veterinary services",C,From 20 to 49 persons employed,7.041415809636683e-06,0.051197279474552305,11.0,20,49,297.4372479362654,42.57470041733801,851.4940083467602,2086.1603204495623,0.15,83283.17848018809
50,"Other professional, scientific and technical services and veterinary services",C,From 50 to 249 persons employed,2.6243859237026537e-06,0.051197279474552305,11.0,50,249,110.8569849831191,42.57470041733801,2128.7350208669004,10601.100403917164,0.15,83283.17848018809
50,"Other professional, scientific and technical services and veterinary services",C,250 persons employed or more,4.1711229635593836e-07,0.051197279474552305,11.0,250,1850,17.619288061172977,42.57470041733801,10643.675104334501,78763.19577207531,0.15,83283.17848018809
50,"Other professional, scientific and technical services and veterinary services",I,From 0 to 9 persons employed,2.381297236232012e-06,0.051197279474552305,11.0,0,9,100.58864802356136,42.57470041733801,42.57470041733801,383.1723037560421,0.15,83283.17848018809
50,"Other professional, scientific and technical services and veterinary services",I,From 10 to 19 persons employed,4.727047070432439e-08,0.051197279474552305,11.0,10,19,1.9967573418550268,42.57470041733801,425.7470041733801,808.9193079294222,0.15,83283.17848018809
50,"Other professional, scientific and technical services and veterinary services",I,From 20 to 49 persons employed,2.0944880731456696e-08,0.051197279474552305,11.0,20,49,0.8847350946938657,42.57470041733801,851.4940083467602,2086.1603204495623,0.15,83283.17848018809
50,"Other professional, scientific and technical services and veterinary services",I,From 50 to 249 persons employed,7.806306522906799e-09,0.051197279474552305,11.0,50,249,0.32974708375304973,42.57470041733801,2128.7350208669004,10601.100403917164,0.15,83283.17848018809
50,"Other professional, scientific and technical services and veterinary services",I,250 persons employed or more,1.2407117453343406e-09,0.051197279474552305,11.0,250,1850,0.05240904627580685,42.57470041733801,10643.675104334501,78763.19577207531,0.15,83283.17848018809
50,"Other professional, scientific and technical services and veterinary services",Int,From 0 to 9 persons employed,0.004246352852033023,0.051197279474552305,11.0,0,9,179370.67490695207,42.57470041733801,42.57470041733801,383.1723037560421,0.15,83283.17848018809
50,"Other professional, scientific and technical services and veterinary services",Int,From 10 to 19 persons employed,8.429317224164212e-05,0.051197279474552305,11.0,10,19,3560.6374980808405,42.57470041733801,425.7470041733801,808.9193079294222,0.15,83283.17848018809
50,"Other professional, scientific and technical services and veterinary services",Int,From 20 to 49 persons employed,3.734911907521619e-05,0.051197279474552305,11.0,20,49,1577.6683966557816,42.57470041733801,851.4940083467602,2086.1603204495623,0.15,83283.17848018809
50,"Other professional, scientific and technical services and veterinary services",Int,From 50 to 249 persons employed,1.3920283223374807e-05,0.051197279474552305,11.0,50,249,588.0082705508627,42.57470041733801,2128.7350208669004,10601.100403917164,0.15,83283.17848018809
50,"Other professional, scientific and technical services and veterinary services",Int,250 persons employed or more,2.2124494910546445e-06,0.051197279474552305,11.0,250,1850,93.45633117088121,42.57470041733801,10643.675104334501,78763.19577207531,0.15,83283.17848018809
51,Rental and leasing services,C,From 0 to 9 persons employed,8.329916469236543e-05,0.0257275415607954,12.0,0,9,3518.649511874983,114.08933379611094,114.08933379611094,1026.8040041649983,0.15,359736.0901495728
51,Rental and leasing services,C,From 10 to 19 persons employed,2.8729253921448514e-06,0.0257275415607954,12.0,10,19,121.35556900308538,114.08933379611094,1140.8933379611094,2167.6973421261077,0.15,359736.0901495728
51,Rental and leasing services,C,From 20 to 49 persons employed,1.8807183911783485e-06,0.0257275415607954,12.0,20,49,79.44363996366121,114.08933379611094,2281.786675922219,5590.377356009436,0.15,359736.0901495728
51,Rental and leasing services,C,From 50 to 249 persons employed,1.1987923352596138e-06,0.0257275415607954,12.0,50,249,50.63832369602757,114.08933379611094,5704.466689805547,28408.24411523162,0.15,359736.0901495728
51,Rental and leasing services,C,250 persons employed or more,3.7711947960043047e-07,0.0257275415607954,12.0,250,1850,15.929946929422458,114.08933379611094,28522.333449027734,211065.26752280522,0.15,359736.0901495728
51,Rental and leasing services,I,From 0 to 9 persons employed,5.8158240302846924e-06,0.0257275415607954,12.0,0,9,245.66688586719513,114.08933379611094,114.08933379611094,1026.8040041649983,0.15,359736.0901495728
51,Rental and leasing services,I,From 10 to 19 persons employed,2.0058338633475477e-07,0.0257275415607954,12.0,10,19,8.472865688672417,114.08933379611094,1140.8933379611094,2167.6973421261077,0.15,359736.0901495728
51,Rental and leasing services,I,From 20 to 49 persons employed,1.31308966350486e-07,0.0257275415607954,12.0,20,49,5.546637016833043,114.08933379611094,2281.786675922219,5590.377356009436,0.15,359736.0901495728
51,Rental and leasing services,I,From 50 to 249 persons employed,8.36979013711882e-08,0.0257275415607954,12.0,50,249,3.535492593381117,114.08933379611094,5704.466689805547,28408.24411523162,0.15,359736.0901495728
51,Rental and leasing services,I,250 persons employed or more,2.6329922272913966e-08,0.0257275415607954,12.0,250,1850,1.1122052483412979,114.08933379611094,28522.333449027734,211065.26752280522,0.15,359736.0901495728
51,Rental and leasing services,Int,From 0 to 9 persons employed,0.0008939400612585212,0.0257275415607954,12.0,0,9,37761.02403678818,114.08933379611094,114.08933379611094,1026.8040041649983,0.15,359736.0901495728
51,Rental and leasing services,Int,From 10 to 19 persons employed,3.083131878368659e-05,0.0257275415607954,12.0,10,19,1302.3492515120467,114.08933379611094,1140.8933379611094,2167.6973421261077,0.15,359736.0901495728
51,Rental and leasing services,Int,From 20 to 49 persons employed,2.0183269784625954e-05,0.0257275415607954,12.0,20,49,852.5637998651404,114.08933379611094,2281.786675922219,5590.377356009436,0.15,359736.0901495728
51,Rental and leasing services,Int,From 50 to 249 persons employed,1.2865056901542304e-05,0.0257275415607954,12.0,50,249,543.4343351945353,114.08933379611094,5704.466689805547,28408.24411523162,0.15,359736.0901495728
51,Rental and leasing services,Int,250 persons employed or more,4.047125945870241e-06,0.0257275415607954,12.0,250,1850,170.95510845186269,114.08933379611094,28522.333449027734,211065.26752280522,0.15,359736.0901495728
52,Employment services,C,From 0 to 9 persons employed,0.00010935265691314543,0.14093193589902547,12.0,0,9,4619.178046871064,19.098489756762348,19.098489756762348,171.88640781086113,0.15,60219.61741960449
52,Employment services,C,From 10 to 19 persons employed,3.7714906974700235e-06,0.14093193589902547,12.0,10,19,159.31196850177076,19.098489756762348,190.98489756762348,362.8713053784846,0.15,60219.61741960449
52,Employment services,C,From 20 to 49 persons employed,2.468950964157965e-06,0.14093193589902547,12.0,20,49,104.2912391374065,19.098489756762348,381.96979513524695,935.825998081355,0.15,60219.61741960449
52,Employment services,C,From 50 to 249 persons employed,1.573738793562809e-06,0.14093193589902547,12.0,50,249,66.47647978510908,19.098489756762348,954.9244878381173,4755.523949433824,0.15,60219.61741960449
52,Employment services,C,250 persons employed or more,4.950711957354054e-07,0.14093193589902547,12.0,250,1850,20.912358817175573,19.098489756762348,4774.622439190586,35332.20605001034,0.15,60219.61741960449
52,Employment services,I,From 0 to 9 persons employed,3.6919182047162936e-06,0.14093193589902547,12.0,0,9,155.9507377640963,19.098489756762348,19.098489756762348,171.88640781086113,0.15,60219.61741960449
52,Employment services,I,From 10 to 19 persons employed,1.273314755942972e-07,0.14093193589902547,12.0,10,19,5.378623376366926,19.098489756762348,190.98489756762348,362.8713053784846,0.15,60219.61741960449
52,Employment services,I,From 20 to 49 persons employed,8.335567939941742e-08,0.14093193589902547,12.0,20,49,3.5210367560582427,19.098489756762348,381.96979513524695,935.825998081355,0.15,60219.61741960449
52,Employment services,I,From 50 to 249 persons employed,5.3131904294173125e-08,0.14093193589902547,12.0,50,249,2.2443508263272567,19.098489756762348,954.9244878381173,4755.523949433824,0.15,60219.61741960449
52,Employment services,I,250 persons employed or more,1.6714384558739414e-08,0.14093193589902547,12.0,250,1850,0.7060342235855512,19.098489756762348,4774.622439190586,35332.20605001034,0.15,60219.61741960449
52,Employment services,Int,From 0 to 9 persons employed,0.005271995847876852,0.14093193589902547,12.0,0,9,222694.97761769276,19.098489756762348,19.098489756762348,171.88640781086113,0.15,60219.61741960449
52,Employment services,Int,From 10 to 19 persons employed,0.000181827162308097,0.14093193589902547,12.0,10,19,7680.581891352828,19.098489756762348,190.98489756762348,362.8713053784846,0.15,60219.61741960449
52,Employment services,Int,From 20 to 49 persons employed,0.00011903047990860143,0.14093193589902547,12.0,20,49,5027.980071293942,19.098489756762348,381.96979513524695,935.825998081355,0.15,60219.61741960449
52,Employment services,Int,From 50 to 249 persons employed,7.587144765852043e-05,0.14093193589902547,12.0,50,249,3204.894469888595,19.098489756762348,954.9244878381173,4755.523949433824,0.15,60219.61741960449
52,Employment services,Int,250 persons employed or more,2.386785435303614e-05,0.14093193589902547,12.0,250,1850,1008.2047566619958,19.098489756762348,4774.622439190586,35332.20605001034,0.15,60219.61741960449
53,"Travel agency, tour operator and other reservation services and related services",C,From 0 to 9 persons employed,0.00029934087974319403,0.011896588861198229,12.0,0,9,12644.49222609255,20.42009186201316,20.42009186201316,183.78082675811842,0.15,64386.77273778707
53,"Travel agency, tour operator and other reservation services and related services",C,From 10 to 19 persons employed,1.0324041273369696e-05,0.011896588861198229,12.0,10,19,436.0990043691145,20.42009186201316,204.2009186201316,387.98174537824997,0.15,64386.77273778707
53,"Travel agency, tour operator and other reservation services and related services",C,From 20 to 49 persons employed,6.758481910877185e-06,0.011896588861198229,12.0,20,49,285.48580486430103,20.42009186201316,408.4018372402632,1000.5845012386447,0.15,64386.77273778707
53,"Travel agency, tour operator and other reservation services and related services",C,From 50 to 249 persons employed,4.3079369834173135e-06,0.011896588861198229,12.0,50,249,181.97205722134686,20.42009186201316,1021.0045931006579,5084.602873641276,0.15,64386.77273778707
53,"Travel agency, tour operator and other reservation services and related services",C,250 persons employed or more,1.3552029868342095e-06,0.011896588861198229,12.0,250,1850,57.24528386000434,20.42009186201316,5105.02296550329,37777.16994472434,0.15,64386.77273778707
53,"Travel agency, tour operator and other reservation services and related services",I,From 0 to 9 persons employed,9.85424815587682e-07,0.011896588861198229,12.0,0,9,41.62544197366826,20.42009186201316,20.42009186201316,183.78082675811842,0.15,64386.77273778707
53,"Travel agency, tour operator and other reservation services and related services",I,From 10 to 19 persons employed,3.398655899140105e-08,0.011896588861198229,12.0,10,19,1.4356301128234967,20.42009186201316,204.2009186201316,387.98174537824997,0.15,64386.77273778707
53,"Travel agency, tour operator and other reservation services and related services",I,From 20 to 49 persons employed,2.224880142128419e-08,0.011896588861198229,12.0,20,49,0.9398141571998275,20.42009186201316,408.4018372402632,1000.5845012386447,0.15,64386.77273778707
53,"Travel agency, tour operator and other reservation services and related services",I,From 50 to 249 persons employed,1.418165140387539e-08,0.011896588861198229,12.0,50,249,0.5990487536593604,20.42009186201316,1021.0045931006579,5084.602873641276,0.15,64386.77273778707
53,"Travel agency, tour operator and other reservation services and related services",I,250 persons employed or more,4.461303963998055e-09,0.011896588861198229,12.0,250,1850,0.18845044933189375,20.42009186201316,5105.02296550329,37777.16994472434,0.15,64386.77273778707
53,"Travel agency, tour operator and other reservation services and related services",Int,From 0 to 9 persons employed,0.00015424498550851168,0.011896588861198229,12.0,0,9,6515.48001679339,20.42009186201316,20.42009186201316,183.78082675811842,0.15,64386.77273778707
53,"Travel agency, tour operator and other reservation services and related services",Int,From 10 to 19 persons employed,5.319793267014982e-06,0.011896588861198229,12.0,10,19,224.7139938484123,20.42009186201316,204.2009186201316,387.98174537824997,0.15,64386.77273778707
53,"Travel agency, tour operator and other reservation services and related services",Int,From 20 to 49 persons employed,3.482524489462057e-06,0.011896588861198229,12.0,20,49,147.10571396715855,20.42009186201316,408.4018372402632,1000.5845012386447,0.15,64386.77273778707
53,"Travel agency, tour operator and other reservation services and related services",Int,From 50 to 249 persons employed,2.2198026482344932e-06,0.011896588861198229,12.0,50,249,93.76693672157512,20.42009186201316,1021.0045931006579,5084.602873641276,0.15,64386.77273778707
53,"Travel agency, tour operator and other reservation services and related services",Int,250 persons employed or more,6.983117883687153e-07,0.011896588861198229,12.0,250,1850,29.497467860026777,20.42009186201316,5105.02296550329,37777.16994472434,0.15,64386.77273778707
54,"Security and investigation services; services to buildings and landscape; office administrative, office support and other business support services",C,From 0 to 9 persons employed,0.00046965311034125994,0.19044667381212263,12.0,0,9,19838.67057437974,24.94131662122658,24.94131662122658,224.47184959103922,0.15,78642.68662079303
54,"Security and investigation services; services to buildings and landscape; office administrative, office support and other business support services",C,From 10 to 19 persons employed,1.6197981710648264e-05,0.19044667381212263,12.0,10,19,684.2207920094083,24.94131662122658,249.4131662122658,473.885015803305,0.15,78642.68662079303
54,"Security and investigation services; services to buildings and landscape; office administrative, office support and other business support services",C,From 20 to 49 persons employed,1.0603770702323461e-05,0.19044667381212263,12.0,20,49,447.9150870667054,24.94131662122658,498.8263324245316,1222.1245144401023,0.15,78642.68662079303
54,"Security and investigation services; services to buildings and landscape; office administrative, office support and other business support services",C,From 50 to 249 persons employed,6.7589699246953155e-06,0.19044667381212263,12.0,50,249,285.50641911162626,24.94131662122658,1247.065831061329,6210.387838685418,0.15,78642.68662079303
54,"Security and investigation services; services to buildings and landscape; office administrative, office support and other business support services",C,250 persons employed or more,2.1262558540500283e-06,0.19044667381212263,12.0,250,1850,89.81541592409461,24.94131662122658,6235.329155306645,46141.43574926917,0.15,78642.68662079303
54,"Security and investigation services; services to buildings and landscape; office administrative, office support and other business support services",I,From 0 to 9 persons employed,0.00014613333399303072,0.19044667381212263,12.0,0,9,6172.834820399686,24.94131662122658,24.94131662122658,224.47184959103922,0.15,78642.68662079303
54,"Security and investigation services; services to buildings and landscape; office administrative, office support and other business support services",I,From 10 to 19 persons employed,5.0400285215085785e-06,0.19044667381212263,12.0,10,19,212.89641934029532,24.94131662122658,249.4131662122658,473.885015803305,0.15,78642.68662079303
54,"Security and investigation services; services to buildings and landscape; office administrative, office support and other business support services",I,From 20 to 49 persons employed,3.2993806098765148e-06,0.19044667381212263,12.0,20,49,139.36951247118338,24.94131662122658,498.8263324245316,1222.1245144401023,0.15,78642.68662079303
54,"Security and investigation services; services to buildings and landscape; office administrative, office support and other business support services",I,From 50 to 249 persons employed,2.1030645548938415e-06,0.19044667381212263,12.0,50,249,88.83578961263001,24.94131662122658,1247.065831061329,6210.387838685418,0.15,78642.68662079303
54,"Security and investigation services; services to buildings and landscape; office administrative, office support and other business support services",I,250 persons employed or more,6.615879891623758e-07,0.19044667381212263,12.0,250,1850,27.94621367123868,24.94131662122658,6235.329155306645,46141.43574926917,0.15,78642.68662079303
54,"Security and investigation services; services to buildings and landscape; office administrative, office support and other business support services",Int,From 0 to 9 persons employed,0.006661223059302712,0.19044667381212263,12.0,0,9,281377.4826274346,24.94131662122658,24.94131662122658,224.47184959103922,0.15,78642.68662079303
54,"Security and investigation services; services to buildings and landscape; office administrative, office support and other business support services",Int,From 10 to 19 persons employed,0.00022974056151088313,0.19044667381212263,12.0,10,19,9704.497249205226,24.94131662122658,249.4131662122658,473.885015803305,0.15,78642.68662079303
54,"Security and investigation services; services to buildings and landscape; office administrative, office support and other business support services",Int,From 20 to 49 persons employed,0.00015039628262346935,0.19044667381212263,12.0,20,49,6352.906519474188,24.94131662122658,498.8263324245316,1222.1245144401023,0.15,78642.68662079303
54,"Security and investigation services; services to buildings and landscape; office administrative, office support and other business support services",Int,From 50 to 249 persons employed,9.586438443215946e-05,0.19044667381212263,12.0,50,249,4049.4183913386732,24.94131662122658,1247.065831061329,6210.387838685418,0.15,78642.68662079303
54,"Security and investigation services; services to buildings and landscape; office administrative, office support and other business support services",Int,250 persons employed or more,3.0157288886437815e-05,0.19044667381212263,12.0,250,1850,1273.8774777829528,24.94131662122658,6235.329155306645,46141.43574926917,0.15,78642.68662079303
55,Public administration and defence services; compulsory social security services,C,From 0 to 9 persons employed,0.022049430536579418,0.6309972598668583,12.0,0,9,931392.5089307324,118.58365614451859,118.58365614451859,1067.2529053006674,0.15,59247.78646062897
55,Public administration and defence services; compulsory social security services,C,From 10 to 19 persons employed,0.0007604682364441397,0.6309972598668583,12.0,10,19,32123.025469015858,118.58365614451859,1185.836561445186,2253.0894667458533,0.15,59247.78646062897
55,Public administration and defence services; compulsory social security services,C,From 20 to 49 persons employed,0.0004978293561322483,0.6309972598668583,12.0,20,49,21028.866584928903,118.58365614451859,2371.673122890372,5810.59915108141,0.15,59247.78646062897
55,Public administration and defence services; compulsory social security services,C,From 50 to 249 persons employed,0.00031732236957849463,0.6309972598668583,12.0,50,249,13404.050388115324,118.58365614451859,5929.1828072259295,29527.330379985127,0.15,59247.78646062897
55,Public administration and defence services; compulsory social security services,C,250 persons employed or more,9.982416750696161e-05,0.6309972598668583,12.0,250,1850,4216.684039616662,118.58365614451859,29645.914036129645,219379.7638673594,0.15,59247.78646062897
55,Public administration and defence services; compulsory social security services,I,From 0 to 9 persons employed,7.874090598398448e-05,0.6309972598668583,12.0,0,9,3326.103586132771,118.58365614451859,118.58365614451859,1067.2529053006674,0.15,59247.78646062897
55,Public administration and defence services; compulsory social security services,I,From 10 to 19 persons employed,2.715714485701353e-06,0.6309972598668583,12.0,10,19,114.71480518196222,118.58365614451859,1185.836561445186,2253.0894667458533,0.15,59247.78646062897
55,Public administration and defence services; compulsory social security services,I,From 20 to 49 persons employed,1.7778025814429043e-06,0.6309972598668583,12.0,20,49,75.09636151222401,118.58365614451859,2371.673122890372,5810.59915108141,0.15,59247.78646062897
55,Public administration and defence services; compulsory social security services,I,From 50 to 249 persons employed,1.1331925705810815e-06,0.6309972598668583,12.0,50,249,47.86731655786851,118.58365614451859,5929.1828072259295,29527.330379985127,0.15,59247.78646062897
55,Public administration and defence services; compulsory social security services,I,250 persons employed or more,3.564829202983381e-07,0.6309972598668583,12.0,250,1850,15.058235675375014,118.58365614451859,29645.914036129645,219379.7638673594,0.15,59247.78646062897
55,Public administration and defence services; compulsory social security services,Int,From 0 to 9 persons employed,0.001982373335708024,0.6309972598668583,12.0,0,9,83737.6580642029,118.58365614451859,118.58365614451859,1067.2529053006674,0.15,59247.78646062897
55,Public administration and defence services; compulsory social security services,Int,From 10 to 19 persons employed,6.837056186457114e-05,0.6309972598668583,12.0,10,19,2888.0486979654024,118.58365614451859,1185.836561445186,2253.0894667458533,0.15,59247.78646062897
55,Public administration and defence services; compulsory social security services,Int,From 20 to 49 persons employed,4.475778363944816e-05,0.6309972598668583,12.0,20,49,1890.6186411012645,118.58365614451859,2371.673122890372,5810.59915108141,0.15,59247.78646062897
55,Public administration and defence services; compulsory social security services,Int,From 50 to 249 persons employed,2.8529145151051193e-05,0.6309972598668583,12.0,50,249,1205.1028726481006,118.58365614451859,5929.1828072259295,29527.330379985127,0.15,59247.78646062897
55,Public administration and defence services; compulsory social security services,Int,250 persons employed or more,8.974779080881923e-06,0.6309972598668583,12.0,250,1850,379.1046662803485,118.58365614451859,29645.914036129645,219379.7638673594,0.15,59247.78646062897
56,Education services,C,From 0 to 9 persons employed,0.01463404372670353,1.0,13.0,0,9,618158.3093406686,124.38746123221779,124.38746123221779,1119.4871510899602,0.15,194483.59682705769
56,Education services,C,From 10 to 19 persons employed,0.00034848167188259376,1.0,13.0,10,19,14720.254028903239,124.38746123221779,1243.8746123221779,2363.361763412138,0.15,194483.59682705769
56,Education services,C,From 20 to 49 persons employed,0.0001998187775566813,1.0,13.0,20,49,8440.567762112416,124.38746123221779,2487.7492246443558,6094.985600378672,0.15,194483.59682705769
56,Education services,C,From 50 to 249 persons employed,8.63650842884023e-05,1.0,13.0,50,249,3648.15737104601,124.38746123221779,6219.37306161089,30972.47784682223,0.15,194483.59682705769
56,Education services,C,250 persons employed or more,9.128866301712987e-06,1.0,13.0,250,1850,385.6134821414167,124.38746123221779,31096.865308054446,230116.80327960293,0.15,194483.59682705769
56,Education services,I,From 0 to 9 persons employed,3.100853565860251e-06,1.0,13.0,0,9,130.98350897280937,124.38746123221779,124.38746123221779,1119.4871510899602,0.15,194483.59682705769
56,Education services,I,From 10 to 19 persons employed,7.384087782396542e-08,1.0,13.0,10,19,3.119120938022195,124.38746123221779,1243.8746123221779,2363.361763412138,0.15,194483.59682705769
56,Education services,I,From 20 to 49 persons employed,4.23402294324048e-08,1.0,13.0,20,49,1.7884984582403665,124.38746123221779,2487.7492246443558,6094.985600378672,0.15,194483.59682705769
56,Education services,I,From 50 to 249 persons employed,1.8300169425682002e-08,1.0,13.0,50,249,0.773019542929548,124.38746123221779,6219.37306161089,30972.47784682223,0.15,194483.59682705769
56,Education services,I,250 persons employed or more,1.934344201273253e-09,1.0,13.0,250,1850,0.08170885392122242,124.38746123221779,31096.865308054446,230116.80327960293,0.15,194483.59682705769
56,Education services,Int,From 0 to 9 persons employed,0.0021671388750627756,1.0,13.0,0,9,91542.36027535846,124.38746123221779,124.38746123221779,1119.4871510899602,0.15,194483.59682705769
56,Education services,Int,From 10 to 19 persons employed,5.160625405304553e-05,1.0,13.0,10,19,2179.9056605676583,124.38746123221779,1243.8746123221779,2363.361763412138,0.15,194483.59682705769
56,Education services,Int,From 20 to 49 persons employed,2.9590935280617134e-05,1.0,13.0,20,49,1249.9540705551703,124.38746123221779,2487.7492246443558,6094.985600378672,0.15,194483.59682705769
56,Education services,Int,From 50 to 249 persons employed,1.2789707008182546e-05,1.0,13.0,50,249,540.2514717592379,124.38746123221779,6219.37306161089,30972.47784682223,0.15,194483.59682705769
56,Education services,Int,250 persons employed or more,1.3518834176771457e-06,1.0,13.0,250,1850,57.10506156080993,124.38746123221779,31096.865308054446,230116.80327960293,0.15,194483.59682705769
57,Human health services,C,From 0 to 9 persons employed,0.03070424371164208,0.6250472273428799,14.0,0,9,1296981.4589072564,119.06080281014253,119.06080281014253,1071.547225291283,0.15,46568.29431879106
57,Human health services,C,From 10 to 19 persons employed,0.000978395451022106,0.6250472273428799,14.0,10,19,41328.51378370619,119.06080281014253,1190.6080281014254,2262.155253392708,0.15,46568.29431879106
57,Human health services,C,From 20 to 49 persons employed,0.00045052940008594037,0.6250472273428799,14.0,20,49,19030.863749381817,119.06080281014253,2381.2160562028507,5833.979337696984,0.15,46568.29431879106
57,Human health services,C,From 50 to 249 persons employed,0.00024306116733770184,0.6250472273428799,14.0,50,249,10267.17447848494,119.06080281014253,5953.040140507127,29646.139899725487,0.15,46568.29431879106
57,Human health services,C,250 persons employed or more,8.277863340514329e-05,0.6250472273428799,14.0,250,1850,3496.6616904308657,119.06080281014253,29765.200702535632,220262.4851987637,0.15,46568.29431879106
57,Human health services,I,From 0 to 9 persons employed,2.379872363644382e-07,0.6250472273428799,14.0,0,9,10.05284598181518,119.06080281014253,119.06080281014253,1071.547225291283,0.15,46568.29431879106
57,Human health services,I,From 10 to 19 persons employed,7.583499911186588e-09,0.6250472273428799,14.0,10,19,0.32033548426742253,119.06080281014253,1190.6080281014254,2262.155253392708,0.15,46568.29431879106
57,Human health services,I,From 20 to 49 persons employed,3.492033473754858e-09,0.6250472273428799,14.0,20,49,0.14750738405669497,119.06080281014253,2381.2160562028507,5833.979337696984,0.15,46568.29431879106
57,Human health services,I,From 50 to 249 persons employed,1.883956368555033e-09,0.6250472273428799,14.0,50,249,0.07958041573515916,119.06080281014253,5953.040140507127,29646.139899725487,0.15,46568.29431879106
57,Human health services,I,250 persons employed or more,6.416135300100325e-10,0.6250472273428799,14.0,250,1850,0.027102470265096202,119.06080281014253,29765.200702535632,220262.4851987637,0.15,46568.29431879106
57,Human health services,Int,From 0 to 9 persons employed,0.0027023296868163337,0.6250472273428799,14.0,0,9,114149.41636639305,119.06080281014253,119.06080281014253,1071.547225291283,0.15,46568.29431879106
57,Human health services,Int,From 10 to 19 persons employed,8.611015133848067e-05,0.6250472273428799,14.0,10,19,3637.3887192460147,119.06080281014253,1190.6080281014254,2262.155253392708,0.15,46568.29431879106
57,Human health services,Int,From 20 to 49 persons employed,3.965181438988384e-05,0.6250472273428799,14.0,20,49,1674.9368119499238,119.06080281014253,2381.2160562028507,5833.979337696984,0.15,46568.29431879106
57,Human health services,Int,From 50 to 249 persons employed,2.1392202797030773e-05,0.6250472273428799,14.0,50,249,903.6304770604958,119.06080281014253,5953.040140507127,29646.139899725487,0.15,46568.29431879106
57,Human health services,Int,250 persons employed or more,7.285480163121127e-06,0.6250472273428799,14.0,250,1850,307.7467981151381,119.06080281014253,29765.200702535632,220262.4851987637,0.15,46568.29431879106
58,Residential care services; social work services without accommodation,C,From 0 to 9 persons employed,0.019408894397678105,0.37495277265712,14.0,0,9,819853.3208662822,89.35499965709467,89.35499965709467,804.1949969138522,0.15,34949.45292383483
58,Residential care services; social work services without accommodation,C,From 10 to 19 persons employed,0.0006184674068639068,0.37495277265712,14.0,10,19,26124.752238622666,89.35499965709467,893.5499965709467,1697.7449934847987,0.15,34949.45292383483
58,Residential care services; social work services without accommodation,C,From 20 to 49 persons employed,0.00028479052053647334,0.37495277265712,14.0,20,49,12029.868844100512,89.35499965709467,1787.0999931418935,4378.394983197639,0.15,34949.45292383483
58,Residential care services; social work services without accommodation,C,From 50 to 249 persons employed,0.0001536448372849866,0.37495277265712,14.0,50,249,6490.1290872665695,89.35499965709467,4467.749982854733,22249.394914616572,0.15,34949.45292383483
58,Residential care services; social work services without accommodation,C,250 persons employed or more,5.232637446579892e-05,0.37495277265712,14.0,250,1850,2210.3243490165014,89.35499965709467,22338.749914273667,165306.74936562515,0.15,34949.45292383483
58,Residential care services; social work services without accommodation,I,From 0 to 9 persons employed,4.617438604897985e-07,0.37495277265712,14.0,0,9,19.504575049749675,89.35499965709467,89.35499965709467,804.1949969138522,0.15,34949.45292383483
58,Residential care services; social work services without accommodation,I,From 10 to 19 persons employed,1.471353917339148e-08,0.37495277265712,14.0,10,19,0.6215162855666952,89.35499965709467,893.5499965709467,1697.7449934847987,0.15,34949.45292383483
58,Residential care services; social work services without accommodation,I,From 20 to 49 persons employed,6.7752583784031455e-09,0.37495277265712,14.0,20,49,0.2861944615415824,89.35499965709467,1787.0999931418935,4378.394983197639,0.15,34949.45292383483
58,Residential care services; social work services without accommodation,I,From 50 to 249 persons employed,3.655260256389657e-09,0.37495277265712,14.0,50,249,0.15440226518982472,89.35499965709467,4467.749982854733,22249.394914616572,0.15,34949.45292383483
58,Residential care services; social work services without accommodation,I,250 persons employed or more,1.2448613329651198e-09,0.37495277265712,14.0,250,1850,0.05258432947997158,89.35499965709467,22338.749914273667,165306.74936562515,0.15,34949.45292383483
58,Residential care services; social work services without accommodation,Int,From 0 to 9 persons employed,0.0006306920448176863,0.37495277265712,14.0,0,9,26641.134564037,89.35499965709467,89.35499965709467,804.1949969138522,0.15,34949.45292383483
58,Residential care services; social work services without accommodation,Int,From 10 to 19 persons employed,2.0097099066846006e-05,0.37495277265712,14.0,10,19,848.9238527519358,89.35499965709467,893.5499965709467,1697.7449934847987,0.15,34949.45292383483
58,Residential care services; social work services without accommodation,Int,From 20 to 49 persons employed,9.254268278327543e-06,0.37495277265712,14.0,20,49,390.91060133141747,89.35499965709467,1787.0999931418935,4378.394983197639,0.15,34949.45292383483
58,Residential care services; social work services without accommodation,Int,From 50 to 249 persons employed,4.992689156706494e-06,0.37495277265712,14.0,50,249,210.89675183500287,89.35499965709467,4467.749982854733,22249.394914616572,0.15,34949.45292383483
58,Residential care services; social work services without accommodation,Int,250 persons employed or more,1.7003455958665382e-06,0.37495277265712,14.0,250,1850,71.82449215439637,89.35499965709467,22338.749914273667,165306.74936562515,0.15,34949.45292383483
59,"Creative, arts, entertainment, library, archive, museum, other cultural services; gambling and betting services",C,From 0 to 9 persons employed,0.005995520700226836,0.4967492606072362,15.0,0,9,253257.47338764163,37.57717492216266,37.57717492216266,338.19457429946397,0.15,67616.29846781006
59,"Creative, arts, entertainment, library, archive, museum, other cultural services; gambling and betting services",C,From 10 to 19 persons employed,0.00013811189123180998,0.4967492606072362,15.0,10,19,5834.000142278486,37.57717492216266,375.77174922162664,713.9663235210907,0.15,67616.29846781006
59,"Creative, arts, entertainment, library, archive, museum, other cultural services; gambling and betting services",C,From 20 to 49 persons employed,7.345235868859185e-05,0.4967492606072362,15.0,20,49,3102.7094569336987,37.57717492216266,751.5434984432533,1841.2815711859707,0.15,67616.29846781006
59,"Creative, arts, entertainment, library, archive, museum, other cultural services; gambling and betting services",C,From 50 to 249 persons employed,2.8113018788340414e-05,0.4967492606072362,15.0,50,249,1187.5252315224293,37.57717492216266,1878.8587461081331,9356.716555618503,0.15,67616.29846781006
59,"Creative, arts, entertainment, library, archive, museum, other cultural services; gambling and betting services",C,250 persons employed or more,3.607417245560682e-06,0.4967492606072362,15.0,250,1850,152.38132311529478,37.57717492216266,9394.293730540665,69517.77360600093,0.15,67616.29846781006
59,"Creative, arts, entertainment, library, archive, museum, other cultural services; gambling and betting services",I,From 0 to 9 persons employed,0.0001932579939658556,0.4967492606072362,15.0,0,9,8163.432954523018,37.57717492216266,37.57717492216266,338.19457429946397,0.15,67616.29846781006
59,"Creative, arts, entertainment, library, archive, museum, other cultural services; gambling and betting services",I,From 10 to 19 persons employed,4.451861377324607e-06,0.4967492606072362,15.0,10,19,188.05158395176574,37.57717492216266,375.77174922162664,713.9663235210907,0.15,67616.29846781006
59,"Creative, arts, entertainment, library, archive, museum, other cultural services; gambling and betting services",I,From 20 to 49 persons employed,2.367643479519748e-06,0.4967492606072362,15.0,20,49,100.01189812975035,37.57717492216266,751.5434984432533,1841.2815711859707,0.15,67616.29846781006
59,"Creative, arts, entertainment, library, archive, museum, other cultural services; gambling and betting services",I,From 50 to 249 persons employed,9.06187450099792e-07,0.4967492606072362,15.0,50,249,38.27836738503463,37.57717492216266,1878.8587461081331,9356.716555618503,0.15,67616.29846781006
59,"Creative, arts, entertainment, library, archive, museum, other cultural services; gambling and betting services",I,250 persons employed or more,1.162805125914273e-07,0.4967492606072362,15.0,250,1850,4.911818388352916,37.57717492216266,9394.293730540665,69517.77360600093,0.15,67616.29846781006
59,"Creative, arts, entertainment, library, archive, museum, other cultural services; gambling and betting services",Int,From 0 to 9 persons employed,0.0017203015015347584,0.4967492606072362,15.0,0,9,72667.4518407009,37.57717492216266,37.57717492216266,338.19457429946397,0.15,67616.29846781006
59,"Creative, arts, entertainment, library, archive, museum, other cultural services; gambling and betting services",Int,From 10 to 19 persons employed,3.962860037442598e-05,0.4967492606072362,15.0,10,19,1673.9562260765706,37.57717492216266,375.77174922162664,713.9663235210907,0.15,67616.29846781006
59,"Creative, arts, entertainment, library, archive, museum, other cultural services; gambling and betting services",Int,From 20 to 49 persons employed,2.1075767937632752e-05,0.4967492606072362,15.0,20,49,890.26391609109,37.57717492216266,751.5434984432533,1841.2815711859707,0.15,67616.29846781006
59,"Creative, arts, entertainment, library, archive, museum, other cultural services; gambling and betting services",Int,From 50 to 249 persons employed,8.06650011773408e-06,0.4967492606072362,15.0,50,249,340.7379510542187,37.57717492216266,1878.8587461081331,9356.716555618503,0.15,67616.29846781006
59,"Creative, arts, entertainment, library, archive, museum, other cultural services; gambling and betting services",Int,250 persons employed or more,1.0350802898513268e-06,0.4967492606072362,15.0,250,1850,43.72294452276294,37.57717492216266,9394.293730540665,69517.77360600093,0.15,67616.29846781006
60,Sporting services and amusement and recreation services,C,From 0 to 9 persons employed,0.004732293341003399,0.5032507393927639,15.0,0,9,199897.34249876547,26.145440895133287,26.145440895133287,235.30896805619957,0.15,47046.05758149087
60,Sporting services and amusement and recreation services,C,From 10 to 19 persons employed,0.00010901238038673642,0.5032507393927639,15.0,10,19,4604.804387327497,26.145440895133287,261.4544089513329,496.7633770075325,0.15,47046.05758149087
60,Sporting services and amusement and recreation services,C,From 20 to 49 persons employed,5.797630018854997e-05,0.5032507393927639,15.0,20,49,2448.983505562761,26.145440895133287,522.9088179026658,1281.126603861531,0.15,47046.05758149087
60,Sporting services and amusement and recreation services,C,From 50 to 249 persons employed,2.2189741018246063e-05,0.5032507393927639,15.0,50,249,937.319379982208,26.145440895133287,1307.2720447566644,6510.214782888189,0.15,47046.05758149087
60,Sporting services and amusement and recreation services,C,250 persons employed or more,2.8473517919372307e-06,0.5032507393927639,15.0,250,1850,120.27531164132485,26.145440895133287,6536.360223783322,48369.06565599659,0.15,47046.05758149087
60,Sporting services and amusement and recreation services,I,From 0 to 9 persons employed,5.618306283026181e-07,0.5032507393927639,15.0,0,9,23.732351618822516,26.145440895133287,26.145440895133287,235.30896805619957,0.15,47046.05758149087
60,Sporting services and amusement and recreation services,I,From 10 to 19 persons employed,1.29422438027601e-08,0.5032507393927639,15.0,10,19,0.5466947958881828,26.145440895133287,261.4544089513329,496.7633770075325,0.15,47046.05758149087
60,Sporting services and amusement and recreation services,I,From 20 to 49 persons employed,6.883102718794631e-09,0.5032507393927639,15.0,20,49,0.29074992661831395,26.145440895133287,522.9088179026658,1281.126603861531,0.15,47046.05758149087
60,Sporting services and amusement and recreation services,I,From 50 to 249 persons employed,2.634425898777902e-09,0.5032507393927639,15.0,50,249,0.11128108471482982,26.145440895133287,1307.2720447566644,6510.214782888189,0.15,47046.05758149087
60,Sporting services and amusement and recreation services,I,250 persons employed or more,3.380452839644732e-10,0.5032507393927639,15.0,250,1850,0.014279409377105683,26.145440895133287,6536.360223783322,48369.06565599659,0.15,47046.05758149087
60,Sporting services and amusement and recreation services,Int,From 0 to 9 persons employed,0.0032797394551845873,0.5032507393927639,15.0,0,9,138539.84821675005,26.145440895133287,26.145440895133287,235.30896805619957,0.15,47046.05758149087
60,Sporting services and amusement and recreation services,Int,From 10 to 19 persons employed,7.555157284103641e-05,0.5032507393927639,15.0,10,19,3191.382601257523,26.145440895133287,261.4544089513329,496.7633770075325,0.15,47046.05758149087
60,Sporting services and amusement and recreation services,Int,From 20 to 49 persons employed,4.018076342530694e-05,0.5032507393927639,15.0,20,49,1697.2802084554207,26.145440895133287,522.9088179026658,1281.126603861531,0.15,47046.05758149087
60,Sporting services and amusement and recreation services,Int,From 50 to 249 persons employed,1.537871046312578e-05,0.5032507393927639,15.0,50,249,649.6138618458889,26.145440895133287,1307.2720447566644,6510.214782888189,0.15,47046.05758149087
60,Sporting services and amusement and recreation services,Int,250 persons employed or more,1.9733713322232455e-06,0.5032507393927639,15.0,250,1850,83.35740340877399,26.145440895133287,6536.360223783322,48369.06565599659,0.15,47046.05758149087
61,Services furnished by membership organisations,C,From 0 to 9 persons employed,0.00023698980340164857,0.47808427005360365,16.0,0,9,10010.713302326625,24.248453300956786,24.248453300956786,218.23607970861107,0.15,928167.5858190448
61,Services furnished by membership organisations,C,From 10 to 19 persons employed,6.136127999364728e-06,0.47808427005360365,16.0,10,19,259.1968823397574,24.248453300956786,242.48453300956788,460.720612718179,0.15,928167.5858190448
61,Services furnished by membership organisations,C,From 20 to 49 persons employed,2.6821549707964573e-06,0.47808427005360365,16.0,20,49,113.29721388707982,24.248453300956786,484.96906601913577,1188.1742117468827,0.15,928167.5858190448
61,Services furnished by membership organisations,C,From 50 to 249 persons employed,8.084395597780582e-07,0.47808427005360365,16.0,50,249,34.14938760669477,24.248453300956786,1212.4226650478392,6037.86487193824,0.15,928167.5858190448
61,Services furnished by membership organisations,C,250 persons employed or more,7.944139710655219e-08,0.47808427005360365,16.0,250,1850,3.3556931114971413,24.248453300956786,6062.1133252391965,44859.63860677006,0.15,928167.5858190448
61,Services furnished by membership organisations,I,From 0 to 9 persons employed,8.832949096277819e-08,0.47808427005360365,16.0,0,9,3.7311360973206833,24.248453300956786,24.248453300956786,218.23607970861107,0.15,928167.5858190448
61,Services furnished by membership organisations,I,From 10 to 19 persons employed,2.287022711047857e-09,0.47808427005360365,16.0,10,19,0.0966063870579616,24.248453300956786,242.48453300956788,460.720612718179,0.15,928167.5858190448
61,Services furnished by membership organisations,I,From 20 to 49 persons employed,9.99677538245041e-10,0.47808427005360365,16.0,20,49,0.04222749285624814,24.248453300956786,484.96906601913577,1188.1742117468827,0.15,928167.5858190448
61,Services furnished by membership organisations,I,From 50 to 249 persons employed,3.0131699239542735e-10,0.47808427005360365,16.0,50,249,0.012727965425912379,24.248453300956786,1212.4226650478392,6037.86487193824,0.15,928167.5858190448
61,Services furnished by membership organisations,I,250 persons employed or more,2.960894547813639e-11,0.47808427005360365,16.0,250,1850,0.001250714841361744,24.248453300956786,6062.1133252391965,44859.63860677006,0.15,928167.5858190448
61,Services furnished by membership organisations,Int,From 0 to 9 persons employed,0.0004291698676574488,0.47808427005360365,16.0,0,9,18128.613305083207,24.248453300956786,24.248453300956786,218.23607970861107,0.15,928167.5858190448
61,Services furnished by membership organisations,Int,From 10 to 19 persons employed,1.111204449987829e-05,0.47808427005360365,16.0,10,19,469.3851384924318,24.248453300956786,242.48453300956788,460.720612718179,0.15,928167.5858190448
61,Services furnished by membership organisations,Int,From 20 to 49 persons employed,4.857171394427498e-06,0.47808427005360365,16.0,20,49,205.17233058955088,24.248453300956786,484.96906601913577,1188.1742117468827,0.15,928167.5858190448
61,Services furnished by membership organisations,Int,From 50 to 249 persons employed,1.4640203666947378e-06,0.47808427005360365,16.0,50,249,61.84185120787422,24.248453300956786,1212.4226650478392,6037.86487193824,0.15,928167.5858190448
61,Services furnished by membership organisations,Int,250 persons employed or more,1.4386211302500566e-07,0.47808427005360365,16.0,250,1850,6.076895916570149,24.248453300956786,6062.1133252391965,44859.63860677006,0.15,928167.5858190448
62,Repair services of computers and personal and household goods,C,From 0 to 9 persons employed,2.650836745513464e-05,0.05055598867846159,16.0,0,9,1119.7429716262322,47.59401684536791,47.59401684536791,428.3461516083111,0.15,1821774.9052494424
62,Repair services of computers and personal and household goods,C,From 10 to 19 persons employed,6.863533089785622e-07,0.05055598867846159,16.0,10,19,28.992328368840667,47.59401684536791,475.94016845367906,904.2863200619903,0.15,1821774.9052494424
62,Repair services of computers and personal and household goods,C,From 20 to 49 persons employed,3.0001100687437347e-07,0.05055598867846159,16.0,20,49,12.672799142635194,47.59401684536791,951.8803369073581,2332.1068254230277,0.15,1821774.9052494424
62,Repair services of computers and personal and household goods,C,From 50 to 249 persons employed,9.042757371102565e-08,0.05055598867846159,16.0,50,249,3.8197614498708377,47.59401684536791,2379.7008422683953,11850.91019449661,0.15,1821774.9052494424
62,Repair services of computers and personal and household goods,C,250 persons employed or more,8.885874900198792e-09,0.05055598867846159,16.0,250,1850,0.3753492546490358,47.59401684536791,11898.504211341977,88048.93116393064,0.15,1821774.9052494424
62,Repair services of computers and personal and household goods,I,From 0 to 9 persons employed,5.741590995183532e-06,0.05055598867846159,16.0,0,9,242.53119976892106,47.59401684536791,47.59401684536791,428.3461516083111,0.15,1821774.9052494424
62,Repair services of computers and personal and household goods,I,From 10 to 19 persons employed,1.4866098355605873e-07,0.05055598867846159,16.0,10,19,6.279605553743602,47.59401684536791,475.94016845367906,904.2863200619903,0.15,1821774.9052494424
62,Repair services of computers and personal and household goods,I,From 20 to 49 persons employed,6.498101018258645e-08,0.05055598867846159,16.0,20,49,2.744870258957795,47.59401684536791,951.8803369073581,2332.1068254230277,0.15,1821774.9052494424
62,Repair services of computers and personal and household goods,I,From 50 to 249 persons employed,1.958619835092681e-08,0.05055598867846159,16.0,50,249,0.8273428373681114,47.59401684536791,2379.7008422683953,11850.91019449661,0.15,1821774.9052494424
62,Repair services of computers and personal and household goods,I,250 persons employed or more,1.924639810341335e-09,0.05055598867846159,16.0,250,1850,0.08129892963756671,47.59401684536791,11898.504211341977,88048.93116393064,0.15,1821774.9052494424
62,Repair services of computers and personal and household goods,Int,From 0 to 9 persons employed,3.820378471316204e-05,0.05055598867846159,16.0,0,9,1613.770425300135,47.59401684536791,47.59401684536791,428.3461516083111,0.15,1821774.9052494424
62,Repair services of computers and personal and household goods,Int,From 10 to 19 persons employed,9.891704609030665e-07,0.05055598867846159,16.0,10,19,41.783662204438976,47.59401684536791,475.94016845367906,904.2863200619903,0.15,1821774.9052494424
62,Repair services of computers and personal and household goods,Int,From 20 to 49 persons employed,4.323750203631439e-07,0.05055598867846159,16.0,20,49,18.26400252591188,47.59401684536791,951.8803369073581,2332.1068254230277,0.15,1821774.9052494424
62,Repair services of computers and personal and household goods,Int,From 50 to 249 persons employed,1.303239652172714e-07,0.05055598867846159,16.0,50,249,5.505029471674796,47.59401684536791,2379.7008422683953,11850.91019449661,0.15,1821774.9052494424
62,Repair services of computers and personal and household goods,Int,250 persons employed or more,1.2806297945350428e-08,0.05055598867846159,16.0,250,1850,0.5409522914275132,47.59401684536791,11898.504211341977,88048.93116393064,0.15,1821774.9052494424
63,Other personal services,C,From 0 to 9 persons employed,0.00023117605428551368,0.20881182507532473,16.0,0,9,9765.134063144571,64.92856568054493,64.92856568054493,584.3570911249044,0.15,2485296.2500509997
63,Other personal services,C,From 10 to 19 persons employed,5.985598701391779e-06,0.20881182507532473,16.0,10,19,252.8383571037421,64.92856568054493,649.2856568054494,1233.6427479303538,0.15,2485296.2500509997
63,Other personal services,C,From 20 to 49 persons employed,2.6163573041163546e-06,0.20881182507532473,16.0,20,49,110.5178471479116,64.92856568054493,1298.5713136108989,3181.499718346702,0.15,2485296.2500509997
63,Other personal services,C,From 50 to 249 persons employed,7.886072095729208e-07,0.20881182507532473,16.0,50,249,33.311647040791634,64.92856568054493,3246.4282840272467,16167.21285445569,0.15,2485296.2500509997
63,Other personal services,C,250 persons employed or more,7.749256915875228e-08,0.20881182507532473,16.0,250,1850,3.273372447987739,64.92856568054493,16232.141420136235,120117.84650900814,0.15,2485296.2500509997
63,Other personal services,I,From 0 to 9 persons employed,1.2522812541710601e-08,0.20881182507532473,16.0,0,9,0.5289775521750273,64.92856568054493,64.92856568054493,584.3570911249044,0.15,2485296.2500509997
63,Other personal services,I,From 10 to 19 persons employed,3.2424002874822276e-10,0.20881182507532473,16.0,10,19,0.013696260017716955,64.92856568054493,649.2856568054494,1233.6427479303538,0.15,2485296.2500509997
63,Other personal services,I,From 20 to 49 persons employed,1.4172813945997669e-10,0.20881182507532473,16.0,20,49,0.005986754495936774,64.92856568054493,1298.5713136108989,3181.499718346702,0.15,2485296.2500509997
63,Other personal services,I,From 50 to 249 persons employed,4.27188719222898e-11,0.20881182507532473,16.0,50,249,0.0018044927388208424,64.92856568054493,3246.4282840272467,16167.21285445569,0.15,2485296.2500509997
63,Other personal services,I,250 persons employed or more,4.197774375680265e-12,0.20881182507532473,16.0,250,1850,0.0001773186659493889,64.92856568054493,16232.141420136235,120117.84650900814,0.15,2485296.2500509997
63,Other personal services,Int,From 0 to 9 persons employed,5.980711061207481e-05,0.20881182507532473,16.0,0,9,2526.318977375262,64.92856568054493,64.92856568054493,584.3570911249044,0.15,2485296.2500509997
63,Other personal services,Int,From 10 to 19 persons employed,1.5485226820746109e-06,0.20881182507532473,16.0,10,19,65.41132314509939,64.92856568054493,649.2856568054494,1233.6427479303538,0.15,2485296.2500509997
63,Other personal services,Int,From 20 to 49 persons employed,6.768727460619266e-07,0.20881182507532473,16.0,20,49,28.591858829894893,64.92856568054493,1298.5713136108989,3181.499718346702,0.15,2485296.2500509997
63,Other personal services,Int,From 50 to 249 persons employed,2.0401904841821162e-07,0.20881182507532473,16.0,50,249,8.617991882405196,64.92856568054493,3246.4282840272467,16167.21285445569,0.15,2485296.2500509997
63,Other personal services,Int,250 persons employed or more,2.0047952931869795e-08,0.20881182507532473,16.0,250,1850,0.8468478652617463,64.92856568054493,16232.141420136235,120117.84650900814,0.15,2485296.2500509997
64,Services of households as employers; undifferentiated goods and services produced by households for own use,C,From 0 to 9 persons employed,0.0003464603689896097,0.26254791619261,16.0,0,9,14634.871942972168,0.0,0.0,0.0,0.15,767055.9028635037
64,Services of households as employers; undifferentiated goods and services produced by households for own use,C,From 10 to 19 persons employed,8.970534344991955e-06,0.26254791619261,16.0,10,19,378.9253639077205,0.0,0.0,0.0,0.15,767055.9028635037
64,Services of households as employers; undifferentiated goods and services produced by households for own use,C,From 20 to 49 persons employed,3.9210986613400945e-06,0.26254791619261,16.0,20,49,165.63157555891434,0.0,0.0,0.0,0.15,767055.9028635037
64,Services of households as employers; undifferentiated goods and services produced by households for own use,C,From 50 to 249 persons employed,1.1818747649315755e-06,0.26254791619261,16.0,50,249,49.923706679197885,0.0,0.0,0.0,0.15,767055.9028635037
64,Services of households as employers; undifferentiated goods and services produced by households for own use,C,250 persons employed or more,1.1613704623375678e-07,0.26254791619261,16.0,250,1850,4.905758209583391,0.0,0.0,0.0,0.15,767055.9028635037
64,Services of households as employers; undifferentiated goods and services produced by households for own use,I,From 0 to 9 persons employed,5.800736979801817e-10,0.26254791619261,16.0,0,9,0.024502959204782425,0.0,0.0,0.0,0.15,767055.9028635037
64,Services of households as employers; undifferentiated goods and services produced by households for own use,I,From 10 to 19 persons employed,1.501923883973513e-11,0.26254791619261,16.0,10,19,0.0006344293800224794,0.0,0.0,0.0,0.15,767055.9028635037
64,Services of households as employers; undifferentiated goods and services produced by households for own use,I,From 20 to 49 persons employed,6.565040057141143e-12,0.26254791619261,16.0,20,49,0.00027731460546826555,0.0,0.0,0.0,0.15,767055.9028635037
64,Services of households as employers; undifferentiated goods and services produced by households for own use,I,From 50 to 249 persons employed,1.9787962110722025e-12,0.26254791619261,16.0,50,249,8.358655633466896e-05,0.0,0.0,0.0,0.15,767055.9028635037
64,Services of households as employers; undifferentiated goods and services produced by households for own use,I,250 persons employed or more,1.944466147102989e-13,0.26254791619261,16.0,250,1850,8.213641618891813e-06,0.0,0.0,0.0,0.15,767055.9028635037
64,Services of households as employers; undifferentiated goods and services produced by households for own use,Int,From 0 to 9 persons employed,1.9420204467007362e-05,0.26254791619261,16.0,0,9,820.3310707941672,0.0,0.0,0.0,0.15,767055.9028635037
64,Services of households as employers; undifferentiated goods and services produced by households for own use,Int,From 10 to 19 persons employed,5.028269515099438e-07,0.26254791619261,16.0,10,19,21.23997058100401,0.0,0.0,0.0,0.15,767055.9028635037
64,Services of households as employers; undifferentiated goods and services produced by households for own use,Int,From 20 to 49 persons employed,2.19790038210163e-07,0.26254791619261,16.0,20,49,9.28417606009985,0.0,0.0,0.0,0.15,767055.9028635037
64,Services of households as employers; undifferentiated goods and services produced by households for own use,Int,From 50 to 249 persons employed,6.624783566531325e-08,0.26254791619261,16.0,50,249,2.7983823785917625,0.0,0.0,0.0,0.15,767055.9028635037
64,Services of households as employers; undifferentiated goods and services produced by households for own use,Int,250 persons employed or more,6.50985043579828e-09,0.26254791619261,16.0,250,1850,0.27498333438150485,0.0,0.0,0.0,0.15,767055.9028635037
